,full_name,swim_time_formatted,swim_date
0,"Haas, Townley","=""1:45.03""","=""6/28/2017"""
1,"Haas, Townley","=""1:45.04""","=""7/25/2017"""
5,"Haas, Townley","=""1:45.43""","=""7/24/2017"""
7,"Haas, Townley","=""1:45.56""","=""8/9/2018"""
8,"Haas, Townley","=""1:45.58""","=""8/8/2016"""
9,"Haas, Townley","=""1:45.66""","=""6/28/2016"""
11,"Seliskar, Andrew","=""1:45.70""","=""7/26/2018"""
13,"Seliskar, Andrew","=""1:45.74""","=""8/9/2018"""
14,"Conger, Jack","=""1:45.77""","=""6/28/2016"""
15,"Seliskar, Andrew","=""1:45.77""","=""7/26/2018"""
16,"Seliskar, Andrew","=""1:45.81""","=""8/9/2018"""
18,"Haas, Townley","=""1:45.92""","=""12/6/2019"""
19,"Haas, Townley","=""1:45.92""","=""8/7/2016"""
20,"Pieroni, Blake","=""1:45.93""","=""7/26/2018"""
23,"Haas, Townley","=""1:46.13""","=""8/7/2016"""
24,"Haas, Townley","=""1:46.15""","=""7/26/2018"""
25,"Haas, Townley","=""1:46.19""","=""8/9/2018"""
26,"Smith, Kieran","=""1:46.21""","=""8/1/2019"""
27,"Smith, Kieran","=""1:46.25""","=""8/1/2019"""
28,"Pieroni, Blake","=""1:46.26""","=""7/26/2018"""
29,"Pieroni, Blake","=""1:46.30""","=""6/28/2017"""
30,"Smith, Kieran","=""1:46.30""","=""5/14/2021"""
33,"Haas, Townley","=""1:46.37""","=""7/22/2019"""
34,"Grothe, Zane","=""1:46.39""","=""6/28/2017"""
35,"Levant, Jack","=""1:46.39""","=""7/26/2018"""
36,"Farris, Dean","=""1:46.45""","=""8/1/2019"""
37,"Levant, Jack","=""1:46.46""","=""7/26/2018"""
38,"Smith, Kieran","=""1:46.46""","=""5/14/2021"""
39,"Haas, Townley","=""1:46.50""","=""7/24/2017"""
40,"Urlando, Luca","=""1:46.51""","=""8/1/2019"""
42,"Apple, Zach","=""1:46.56""","=""8/9/2018"""
43,"Pieroni, Blake","=""1:46.56""","=""8/9/2018"""
46,"Lochte, Ryan","=""1:46.62""","=""6/28/2016"""
47,"Pieroni, Blake","=""1:46.62""","=""8/4/2019"""
51,"Pieroni, Blake","=""1:46.68""","=""8/9/2018"""
52,"Seliskar, Andrew","=""1:46.74""","=""7/22/2019"""
54,"Apple, Zach","=""1:46.76""","=""12/6/2019"""
56,"Apple, Zach","=""1:46.78""","=""8/9/2018"""
57,"Rooney, Maxime","=""1:46.78""","=""8/1/2019"""
58,"Apple, Zach","=""1:46.80""","=""7/6/2019"""
61,"Seliskar, Andrew","=""1:46.83""","=""7/22/2019"""
63,"Conger, Jack","=""1:46.85""","=""8/9/2018"""
64,"Haas, Townley","=""1:46.85""","=""6/28/2017"""
65,"Haas, Townley","=""1:46.85""","=""7/22/2019"""
67,"Pieroni, Blake","=""1:46.88""","=""7/24/2017"""
68,"Seliskar, Andrew","=""1:46.89""","=""6/22/2019"""
69,"Seliskar, Andrew","=""1:46.91""","=""3/6/2020"""
72,"House, Grant","=""1:46.95""","=""7/26/2018"""
73,"Conger, Jack","=""1:46.96""","=""3/2/2018"""
76,"Urlando, Luca","=""1:46.97""","=""8/21/2019"""
79,"Seliskar, Andrew","=""1:47.01""","=""3/5/2021"""
81,"Seliskar, Andrew","=""1:47.07""","=""5/14/2021"""
82,"Pieroni, Blake","=""1:47.08""","=""7/24/2017"""
83,"Haas, Townley","=""1:47.09""","=""5/31/2019"""
84,"Smith, Clark","=""1:47.10""","=""6/28/2017"""
85,"Conger, Jack","=""1:47.15""","=""6/27/2016"""
86,"Kibler, Drew","=""1:47.16""","=""7/12/2019"""
87,"Haas, Townley","=""1:47.18""","=""6/27/2016"""
88,"Theall, Mark","=""1:47.19""","=""8/1/2019"""
89,"Pieroni, Blake","=""1:47.20""","=""9/15/2018"""
91,"Conger, Jack","=""1:47.25""","=""6/27/2016"""
93,"Pieroni, Blake","=""1:47.25""","=""5/18/2019"""
96,"Smith, Kieran","=""1:47.26""","=""12/6/2019"""
98,"Smith, Clark","=""1:47.29""","=""6/28/2017"""
99,"Smith, Kieran","=""1:47.29""","=""11/13/2020"""
100,"Magahey, Jake","=""1:47.30""","=""5/14/2021"""
101,"Dressel, Caeleb","=""1:47.31""","=""4/11/2019"""
103,"Pieroni, Blake","=""1:47.32""","=""9/9/2018"""
104,"Rooney, Maxime","=""1:47.32""","=""8/1/2019"""
105,"Bentz, Gunnar","=""1:47.33""","=""6/28/2016"""
108,"Callan, Patrick","=""1:47.36""","=""8/1/2019"""
109,"Smith, Kieran","=""1:47.36""","=""1/15/2021"""
110,"Callan, Patrick","=""1:47.38""","=""11/13/2020"""
111,"Farris, Dean","=""1:47.38""","=""12/6/2019"""
116,"Dressel, Caeleb","=""1:47.42""","=""5/14/2021"""
120,"Conger, Jack","=""1:47.45""","=""7/26/2018"""
121,"Dressel, Caeleb","=""1:47.45""","=""6/28/2017"""
122,"D'Arrigo, Mitch","=""1:47.46""","=""8/7/2016"""
123,"Foster, Carson","=""1:47.47""","=""8/21/2019"""
124,"Rooney, Maxime","=""1:47.47""","=""6/28/2017"""
125,"Haas, Townley","=""1:47.48""","=""3/6/2020"""
128,"Pieroni, Blake","=""1:47.49""","=""6/28/2017"""
129,"Smith, Clark","=""1:47.49""","=""6/27/2016"""
130,"Conger, Jack","=""1:47.50""","=""7/1/2017"""
131,"Rooney, Maxime","=""1:47.50""","=""7/26/2018"""
132,"Dressel, Caeleb","=""1:47.51""","=""6/28/2017"""
133,"D'Arrigo, Mitch","=""1:47.52""","=""6/28/2017"""
135,"Farris, Dean","=""1:47.53""","=""12/6/2019"""
136,"Foster, Carson","=""1:47.53""","=""8/1/2019"""
137,"Smith, Clark","=""1:47.53""","=""6/28/2016"""
138,"Dressel, Caeleb","=""1:47.55""","=""3/6/2020"""
139,"Haas, Townley","=""1:47.55""","=""7/26/2018"""
140,"D'Arrigo, Mitch","=""1:47.56""","=""5/17/2016"""
141,"Urlando, Luca","=""1:47.56""","=""5/24/2019"""
144,"Dressel, Caeleb","=""1:47.57""","=""4/8/2021"""
145,"Julian, Trenton","=""1:47.57""","=""7/26/2018"""
146,"Dressel, Caeleb","=""1:47.58""","=""12/6/2019"""
147,"Grothe, Zane","=""1:47.58""","=""6/28/2017"""
148,"Hill, Julian","=""1:47.58""","=""4/3/2021"""
150,"Litherland, Jay","=""1:47.58""","=""7/26/2018"""
151,"Lochte, Ryan","=""1:47.58""","=""6/27/2016"""
152,"Foster, Carson","=""1:47.59""","=""5/21/2021"""
154,"Callan, Patrick","=""1:47.61""","=""8/24/2017"""
155,"D'Arrigo, Mitch","=""1:47.61""","=""5/17/2016"""
156,"Grothe, Zane","=""1:47.61""","=""8/5/2016"""
158,"Conger, Jack","=""1:47.63""","=""7/26/2018"""
162,"Kibler, Drew","=""1:47.65""","=""8/23/2018"""
165,"Callan, Patrick","=""1:47.68""","=""8/1/2019"""
166,"Pieroni, Blake","=""1:47.68""","=""6/14/2019"""
167,"Smith, Clark","=""1:47.68""","=""6/27/2016"""
168,"House, Grant","=""1:47.69""","=""5/14/2021"""
169,"Seliskar, Andrew","=""1:47.69""","=""4/8/2021"""
171,"Freeman, Trey","=""1:47.70""","=""7/26/2018"""
172,"Litherland, Jay","=""1:47.70""","=""7/26/2018"""
175,"Kibler, Drew","=""1:47.71""","=""8/7/2019"""
180,"Smith, Kieran","=""1:47.72""","=""7/26/2018"""
181,"Julian, Trenton","=""1:47.73""","=""8/1/2019"""
184,"Foster, Carson","=""1:47.74""","=""1/17/2020"""
185,"Haas, Townley","=""1:47.74""","=""6/27/2016"""
186,"Kibler, Drew","=""1:47.74""","=""7/26/2018"""
187,"Litherland, Jay","=""1:47.74""","=""6/28/2017"""
191,"Apple, Zach","=""1:47.76""","=""7/5/2019"""
193,"Farris, Dean","=""1:47.76""","=""8/1/2019"""
194,"Litherland, Jay","=""1:47.76""","=""6/28/2017"""
198,"Lochte, Ryan","=""1:47.77""","=""6/27/2016"""
202,"DeVine, Abrahm","=""1:47.78""","=""7/26/2018"""
203,"D'Arrigo, Mitch","=""1:47.79""","=""6/28/2017"""
204,"D'Arrigo, Mitch","=""1:47.79""","=""8/1/2019"""
205,"Freeman, Trey","=""1:47.79""","=""8/24/2017"""
206,"Bentz, Gunnar","=""1:47.80""","=""6/27/2016"""
207,"Newkirk, Jeff","=""1:47.80""","=""7/26/2018"""
210,"Urlando, Luca","=""1:47.81""","=""5/24/2019"""
215,"D'Arrigo, Mitch","=""1:47.85""","=""8/22/2017"""
217,"Smith, Kieran","=""1:47.85""","=""5/17/2019"""
219,"Bentz, Gunnar","=""1:47.86""","=""6/27/2016"""
221,"Freeman, Trey","=""1:47.86""","=""6/13/2019"""
222,"Haas, Townley","=""1:47.86""","=""12/6/2019"""
223,"Haas, Townley","=""1:47.86""","=""6/9/2017"""
224,"Haas, Townley","=""1:47.86""","=""6/4/2016"""
225,"Shoults, Grant","=""1:47.86""","=""7/26/2018"""
226,"DeVine, Abrahm","=""1:47.88""","=""7/26/2018"""
229,"Seliskar, Andrew","=""1:47.88""","=""5/24/2019"""
231,"Dressel, Caeleb","=""1:47.89""","=""8/9/2018"""
232,"Grothe, Zane","=""1:47.90""","=""5/18/2019"""
233,"Pieroni, Blake","=""1:47.90""","=""8/10/2019"""
235,"Urlando, Luca","=""1:47.91""","=""8/21/2019"""
237,"Grothe, Zane","=""1:47.92""","=""8/8/2017"""
238,"Pieroni, Blake","=""1:47.92""","=""3/8/2019"""
241,"Foster, Carson","=""1:47.93""","=""8/1/2019"""
243,"Pieroni, Blake","=""1:47.93""","=""6/27/2016"""
244,"Theall, Mark","=""1:47.93""","=""8/1/2019"""
246,"Farris, Dean","=""1:47.94""","=""7/26/2018"""
250,"Smith, Clark","=""1:47.97""","=""6/4/2016"""
252,"Rooney, Maxime","=""1:47.98""","=""6/27/2016"""
253,"Shoults, Grant","=""1:47.98""","=""7/26/2018"""
255,"Freeman, Trey","=""1:48.00""","=""6/13/2019"""
257,"Rooney, Maxime","=""1:48.00""","=""12/4/2015"""
258,"Apple, Zach","=""1:48.01""","=""12/6/2019"""
260,"Julian, Trenton","=""1:48.01""","=""5/14/2021"""
261,"Newkirk, Jeff","=""1:48.01""","=""7/26/2018"""
262,"Callan, Patrick","=""1:48.02""","=""8/24/2017"""
263,"Haas, Townley","=""1:48.02""","=""6/13/2019"""
264,"Kibler, Drew","=""1:48.02""","=""8/7/2019"""
265,"Julian, Trenton","=""1:48.03""","=""8/1/2019"""
266,"Kibler, Drew","=""1:48.04""","=""5/21/2021"""
267,"D'Arrigo, Mitch","=""1:48.05""","=""5/18/2016"""
269,"Pieroni, Blake","=""1:48.06""","=""5/14/2021"""
271,"Pieroni, Blake","=""1:48.08""","=""7/7/2018"""
276,"D'Arrigo, Mitch","=""1:48.10""","=""8/21/2017"""
281,"Foster, Carson","=""1:48.11""","=""8/21/2019"""
285,"Foster, Carson","=""1:48.12""","=""4/24/2021"""
286,"Grothe, Zane","=""1:48.12""","=""4/11/2019"""
287,"Pieroni, Blake","=""1:48.12""","=""3/6/2020"""
288,"Dressel, Caeleb","=""1:48.14""","=""12/6/2019"""
291,"Pieroni, Blake","=""1:48.14""","=""6/3/2017"""
292,"Magahey, Jake","=""1:48.15""","=""5/14/2021"""
293,"Rooney, Maxime","=""1:48.15""","=""11/3/2015"""
295,"Magahey, Jake","=""1:48.16""","=""4/24/2021"""
297,"Newkirk, Jeff","=""1:48.17""","=""8/5/2017"""
298,"Rooney, Maxime","=""1:48.17""","=""7/26/2018"""
301,"Julian, Trenton","=""1:48.19""","=""7/26/2018"""
302,"Pieroni, Blake","=""1:48.19""","=""5/18/2018"""
303,"Freeman, Trey","=""1:48.20""","=""7/26/2018"""
304,"House, Grant","=""1:48.20""","=""7/26/2018"""
307,"Grothe, Zane","=""1:48.22""","=""5/13/2016"""
314,"Malone, Reed","=""1:48.24""","=""6/27/2016"""
315,"Freeman, Trey","=""1:48.26""","=""5/14/2021"""
318,"Farris, Dean","=""1:48.27""","=""7/26/2018"""
320,"Smith, Kieran","=""1:48.27""","=""7/26/2018"""
322,"Grothe, Zane","=""1:48.29""","=""6/27/2016"""
325,"Newkirk, Jeff","=""1:48.31""","=""8/1/2019"""
328,"Grothe, Zane","=""1:48.32""","=""7/26/2018"""
329,"Kibler, Drew","=""1:48.32""","=""7/26/2018"""
330,"D'Arrigo, Mitch","=""1:48.33""","=""4/23/2016"""
333,"Smith, Kieran","=""1:48.34""","=""6/11/2019"""
335,"Haas, Townley","=""1:48.35""","=""1/16/2016"""
337,"Seliskar, Andrew","=""1:48.35""","=""6/8/2018"""
339,"Bentz, Gunnar","=""1:48.36""","=""6/28/2017"""
340,"D'Arrigo, Mitch","=""1:48.36""","=""4/23/2016"""
341,"Rooney, Maxime","=""1:48.36""","=""6/28/2017"""
343,"D'Arrigo, Mitch","=""1:48.37""","=""8/1/2019"""
344,"Kibler, Drew","=""1:48.37""","=""8/23/2018"""
345,"Pieroni, Blake","=""1:48.37""","=""3/26/2021"""
346,"Shoults, Grant","=""1:48.37""","=""6/28/2017"""
348,"Seliskar, Andrew","=""1:48.38""","=""4/8/2021"""
349,"Apple, Zach","=""1:48.39""","=""6/28/2017"""
350,"Dressel, Caeleb","=""1:48.39""","=""6/4/2016"""
353,"Urlando, Luca","=""1:48.40""","=""11/8/2019"""
354,"Litherland, Jay","=""1:48.41""","=""6/3/2016"""
355,"Seliskar, Andrew","=""1:48.41""","=""5/14/2021"""
358,"Levant, Jack","=""1:48.43""","=""6/8/2018"""
359,"Callan, Patrick","=""1:48.44""","=""7/26/2018"""
361,"Freeman, Trey","=""1:48.44""","=""6/28/2017"""
363,"Katz, Austin","=""1:48.44""","=""8/9/2018"""
364,"Pieroni, Blake","=""1:48.44""","=""6/27/2016"""
367,"Grothe, Zane","=""1:48.45""","=""11/8/2019"""
368,"Newkirk, Jeff","=""1:48.45""","=""8/1/2019"""
369,"Grothe, Zane","=""1:48.46""","=""3/2/2018"""
371,"Smith, Kieran","=""1:48.46""","=""1/15/2021"""
373,"Grothe, Zane","=""1:48.47""","=""8/1/2019"""
378,"Haas, Townley","=""1:48.49""","=""5/21/2021"""
381,"Foster, Carson","=""1:48.51""","=""5/21/2021"""
383,"Grothe, Zane","=""1:48.52""","=""5/18/2018"""
386,"Callan, Patrick","=""1:48.54""","=""6/28/2017"""
391,"Apple, Zach","=""1:48.57""","=""6/28/2017"""
392,"Foster, Carson","=""1:48.57""","=""8/23/2018"""
393,"Rooney, Maxime","=""1:48.57""","=""6/27/2016"""
396,"Bentz, Gunnar","=""1:48.58""","=""6/28/2017"""
398,"Freeman, Trey","=""1:48.58""","=""5/17/2019"""
400,"House, Grant","=""1:48.58""","=""8/7/2019"""
401,"Kibler, Drew","=""1:48.58""","=""4/24/2021"""
402,"Urlando, Luca","=""1:48.58""","=""6/13/2019"""
406,"Foster, Carson","=""1:48.60""","=""8/2/2020"""
414,"Theall, Mark","=""1:48.64""","=""11/22/2019"""
415,"Freeman, Trey","=""1:48.65""","=""7/6/2019"""
416,"Magahey, Jake","=""1:48.65""","=""8/23/2018"""
417,"Bybee, Cody","=""1:48.66""","=""8/1/2019"""
419,"Lochte, Ryan","=""1:48.66""","=""11/12/2015"""
420,"Reilman, Joey","=""1:48.66""","=""12/6/2019"""
421,"Callan, Patrick","=""1:48.67""","=""5/14/2021"""
422,"Magahey, Jake","=""1:48.67""","=""8/23/2018"""
424,"Julian, Trenton","=""1:48.68""","=""5/14/2021"""
425,"Pieroni, Blake","=""1:48.68""","=""3/5/2021"""
426,"Callan, Patrick","=""1:48.69""","=""7/26/2018"""
427,"Dressel, Caeleb","=""1:48.69""","=""4/8/2021"""
428,"Freeman, Trey","=""1:48.69""","=""6/28/2017"""
429,"Freeman, Trey","=""1:48.69""","=""7/5/2019"""
431,"Levant, Jack","=""1:48.70""","=""6/28/2017"""
432,"Levant, Jack","=""1:48.70""","=""7/13/2018"""
434,"Conger, Jack","=""1:48.71""","=""6/28/2017"""
435,"Haas, Townley","=""1:48.71""","=""3/6/2020"""
439,"Rooney, Maxime","=""1:48.71""","=""12/4/2015"""
442,"Haas, Townley","=""1:48.72""","=""1/18/2019"""
443,"Newkirk, Jeff","=""1:48.72""","=""11/13/2020"""
444,"Callan, Patrick","=""1:48.73""","=""4/8/2021"""
445,"Dressel, Caeleb","=""1:48.73""","=""6/1/2018"""
447,"Grothe, Zane","=""1:48.73""","=""6/3/2017"""
451,"Smith, Kieran","=""1:48.74""","=""12/6/2019"""
455,"Rooney, Maxime","=""1:48.76""","=""7/7/2018"""
456,"Pieroni, Blake","=""1:48.77""","=""3/8/2019"""
457,"Pieroni, Blake","=""1:48.77""","=""8/4/2019"""
461,"D'Arrigo, Mitch","=""1:48.78""","=""7/26/2018"""
467,"Foster, Carson","=""1:48.80""","=""7/14/2019"""
468,"Foster, Carson","=""1:48.80""","=""11/8/2019"""
469,"Pieroni, Blake","=""1:48.80""","=""6/23/2018"""
470,"Grothe, Zane","=""1:48.81""","=""5/6/2017"""
471,"Haas, Townley","=""1:48.81""","=""1/15/2021"""
472,"Magahey, Jake","=""1:48.81""","=""8/1/2019"""
475,"Callan, Patrick","=""1:48.83""","=""6/28/2017"""
477,"Dressel, Caeleb","=""1:48.83""","=""3/6/2020"""
478,"Grothe, Zane","=""1:48.83""","=""7/7/2018"""
479,"House, Grant","=""1:48.83""","=""4/3/2021"""
481,"Conger, Jack","=""1:48.84""","=""6/9/2017"""
484,"Lochte, Ryan","=""1:48.85""","=""4/14/2016"""
485,"Malone, Reed","=""1:48.85""","=""6/27/2016"""
486,"Rooney, Maxime","=""1:48.85""","=""6/3/2016"""
487,"Conger, Jack","=""1:48.86""","=""6/22/2018"""
489,"Rooney, Maxime","=""1:48.86""","=""8/21/2017"""
490,"Dressel, Caeleb","=""1:48.87""","=""6/22/2019"""
493,"Grothe, Zane","=""1:48.88""","=""1/15/2021"""
499,"Freeman, Trey","=""1:48.92""","=""8/24/2017"""
500,"Mitchell, Jake","=""1:48.92""","=""8/1/2019"""
502,"Callan, Patrick","=""1:48.93""","=""4/8/2021"""
503,"Callan, Patrick","=""1:48.93""","=""5/14/2021"""
505,"Knowles, Eric","=""1:48.94""","=""8/1/2019"""
506,"Pieroni, Blake","=""1:48.94""","=""12/4/2015"""
507,"Pieroni, Blake","=""1:48.94""","=""5/14/2021"""
516,"D'Arrigo, Mitch","=""1:48.97""","=""6/22/2019"""
518,"Foster, Carson","=""1:48.98""","=""3/1/2020"""
519,"Loy, Drew","=""1:48.98""","=""4/8/2021"""
523,"Kibler, Drew","=""1:49.01""","=""6/23/2018"""
524,"Shoults, Grant","=""1:49.01""","=""6/28/2017"""
525,"Smith, Clark","=""1:49.01""","=""4/14/2016"""
527,"Grothe, Zane","=""1:49.02""","=""3/3/2017"""
529,"Conger, Jack","=""1:49.03""","=""3/2/2018"""
530,"Dahlgren, Jack","=""1:49.03""","=""8/1/2019"""
531,"Freeman, Trey","=""1:49.03""","=""7/5/2019"""
532,"Grothe, Zane","=""1:49.03""","=""5/13/2016"""
533,"Foster, Carson","=""1:49.04""","=""1/17/2020"""
534,"Freeman, Trey","=""1:49.04""","=""5/14/2021"""
535,"House, Grant","=""1:49.04""","=""3/6/2020"""
536,"Kibler, Drew","=""1:49.04""","=""8/24/2016"""
537,"Knowles, Eric","=""1:49.04""","=""8/1/2019"""
539,"Smith, Clark","=""1:49.04""","=""1/11/2018"""
540,"Bybee, Cody","=""1:49.05""","=""6/28/2017"""
545,"Conger, Jack","=""1:49.06""","=""3/8/2019"""
548,"House, Grant","=""1:49.06""","=""5/14/2021"""
550,"Apple, Zach","=""1:49.07""","=""7/5/2019"""
554,"Foster, Carson","=""1:49.07""","=""8/23/2018"""
555,"Grothe, Zane","=""1:49.07""","=""4/12/2018"""
556,"Grothe, Zane","=""1:49.07""","=""1/17/2020"""
561,"Grothe, Zane","=""1:49.08""","=""8/5/2016"""
562,"Loy, Drew","=""1:49.08""","=""4/8/2021"""
565,"D'Arrigo, Mitch","=""1:49.09""","=""7/26/2018"""
566,"Freeman, Trey","=""1:49.09""","=""8/1/2019"""
567,"Rooney, Maxime","=""1:49.09""","=""11/3/2015"""
570,"Pieroni, Blake","=""1:49.10""","=""5/6/2017"""
571,"Grothe, Zane","=""1:49.11""","=""4/8/2021"""
573,"Paulson, Colton","=""1:49.11""","=""8/1/2019"""
580,"Foster, Carson","=""1:49.12""","=""1/15/2021"""
581,"Held, Ryan","=""1:49.12""","=""4/10/2021"""
582,"Rooney, Maxime","=""1:49.12""","=""8/21/2017"""
583,"Urlando, Luca","=""1:49.12""","=""8/1/2019"""
584,"House, Grant","=""1:49.13""","=""7/7/2018"""
585,"Pieroni, Blake","=""1:49.13""","=""12/4/2015"""
586,"Zettle, Alex","=""1:49.13""","=""8/11/2017"""
588,"Forst, Preston","=""1:49.15""","=""5/21/2021"""
590,"Magahey, Jake","=""1:49.15""","=""8/1/2019"""
591,"Stewart, Sam","=""1:49.15""","=""2/29/2020"""
592,"Newkirk, Jeff","=""1:49.16""","=""12/6/2019"""
594,"Lochte, Ryan","=""1:49.17""","=""6/4/2016"""
595,"Loy, Drew","=""1:49.18""","=""7/26/2018"""
598,"Forst, Preston","=""1:49.20""","=""5/21/2021"""
599,"Kibler, Drew","=""1:49.20""","=""1/18/2019"""
600,"Conger, Jack","=""1:49.21""","=""4/11/2019"""
602,"Litherland, Jay","=""1:49.21""","=""6/21/2019"""
604,"Rooney, Maxime","=""1:49.21""","=""7/12/2019"""
605,"Bresette, Liam","=""1:49.22""","=""6/5/2021"""
613,"Seliskar, Andrew","=""1:49.23""","=""6/8/2018"""
615,"Seliskar, Andrew","=""1:49.24""","=""5/25/2018"""
619,"Levant, Jack","=""1:49.25""","=""12/6/2019"""
620,"Newkirk, Jeff","=""1:49.25""","=""3/6/2020"""
621,"Dressel, Caeleb","=""1:49.26""","=""3/26/2021"""
623,"Rose, Dare","=""1:49.26""","=""8/1/2019"""
626,"Haas, Townley","=""1:49.27""","=""3/5/2021"""
628,"Callan, Patrick","=""1:49.28""","=""12/8/2019"""
629,"Julian, Trenton","=""1:49.28""","=""11/21/2020"""
630,"Litherland, Jay","=""1:49.28""","=""6/3/2017"""
631,"Grothe, Zane","=""1:49.29""","=""3/2/2018"""
632,"Hill, Julian","=""1:49.29""","=""8/3/2018"""
635,"Magahey, Jake","=""1:49.29""","=""1/17/2020"""
636,"Newkirk, Jeff","=""1:49.29""","=""3/6/2020"""
637,"Conger, Jack","=""1:49.30""","=""1/11/2018"""
640,"Grothe, Zane","=""1:49.30""","=""5/14/2021"""
641,"Malone, Reed","=""1:49.30""","=""8/1/2019"""
643,"Sammon, Patrick","=""1:49.30""","=""6/5/2021"""
644,"Bybee, Cody","=""1:49.31""","=""8/1/2019"""
650,"Kibler, Drew","=""1:49.33""","=""7/12/2019"""
652,"Litherland, Jay","=""1:49.33""","=""6/27/2016"""
654,"Newkirk, Jeff","=""1:49.33""","=""6/27/2016"""
655,"Pebley, Jacob","=""1:49.33""","=""11/30/2018"""
657,"Smith, Clark","=""1:49.34""","=""1/11/2018"""
660,"Dressel, Caeleb","=""1:49.35""","=""5/14/2021"""
668,"D'Arrigo, Mitch","=""1:49.37""","=""6/22/2019"""
670,"Newmark, Jake","=""1:49.38""","=""5/27/2021"""
671,"Wieser, Chris","=""1:49.38""","=""7/26/2018"""
672,"Conger, Jack","=""1:49.39""","=""3/8/2019"""
675,"House, Grant","=""1:49.40""","=""8/7/2019"""
678,"Callan, Patrick","=""1:49.41""","=""5/6/2017"""
680,"Freeman, Trey","=""1:49.41""","=""3/2/2018"""
681,"Hill, Julian","=""1:49.41""","=""8/1/2019"""
682,"Litherland, Jay","=""1:49.41""","=""5/13/2016"""
684,"Malone, Reed","=""1:49.41""","=""8/1/2019"""
686,"Apple, Zach","=""1:49.42""","=""12/5/2020"""
689,"Conger, Jack","=""1:49.44""","=""5/6/2017"""
692,"Hobson, Luke","=""1:49.44""","=""4/30/2021"""
698,"Higgins, Walker","=""1:49.45""","=""7/6/2018"""
699,"Kibler, Drew","=""1:49.45""","=""3/31/2017"""
700,"Magahey, Jake","=""1:49.45""","=""7/26/2018"""
701,"Grothe, Zane","=""1:49.46""","=""4/11/2019"""
703,"Bentz, Gunnar","=""1:49.47""","=""7/26/2018"""
704,"Callan, Patrick","=""1:49.47""","=""6/9/2017"""
706,"Freeman, Trey","=""1:49.47""","=""3/2/2018"""
707,"Kibler, Drew","=""1:49.47""","=""3/3/2017"""
709,"Conger, Jack","=""1:49.48""","=""4/14/2016"""
710,"Davis, Wyatt","=""1:49.48""","=""3/29/2019"""
713,"Rose, Dare","=""1:49.48""","=""8/1/2019"""
715,"Smith, Clark","=""1:49.48""","=""3/2/2018"""
716,"Stone, Lane","=""1:49.48""","=""7/26/2018"""
717,"Apple, Zach","=""1:49.49""","=""5/18/2019"""
721,"Held, Ryan","=""1:49.49""","=""7/21/2017"""
722,"Levant, Jack","=""1:49.49""","=""6/8/2018"""
729,"Carrozza, Coby","=""1:49.51""","=""4/24/2021"""
733,"Foster, Carson","=""1:49.51""","=""6/16/2019"""
734,"Foster, Carson","=""1:49.51""","=""6/15/2019"""
736,"Urlando, Luca","=""1:49.51""","=""1/10/2019"""
740,"Harting, Zach","=""1:49.52""","=""8/4/2019"""
742,"Grothe, Zane","=""1:49.53""","=""11/7/2015"""
743,"Seliskar, Andrew","=""1:49.53""","=""1/17/2020"""
745,"Bentz, Gunnar","=""1:49.54""","=""6/3/2017"""
746,"Conger, Jack","=""1:49.54""","=""6/4/2016"""
749,"Haas, Townley","=""1:49.55""","=""6/8/2018"""
755,"Grothe, Zane","=""1:49.57""","=""10/29/2015"""
757,"Haas, Townley","=""1:49.57""","=""1/16/2016"""
762,"Apple, Zach","=""1:49.58""","=""4/8/2021"""
763,"Callan, Patrick","=""1:49.58""","=""5/6/2017"""
764,"Kibler, Drew","=""1:49.58""","=""6/28/2017"""
765,"Lasco, Destin","=""1:49.58""","=""8/1/2019"""
767,"Magahey, Jake","=""1:49.58""","=""6/21/2019"""
768,"Carrozza, Coby","=""1:49.59""","=""8/1/2019"""
769,"Dolan, Jack","=""1:49.59""","=""4/3/2021"""
770,"Gray, Andrew","=""1:49.59""","=""4/3/2021"""
776,"Farris, Dean","=""1:49.60""","=""7/13/2018"""
777,"Levant, Jack","=""1:49.60""","=""6/28/2017"""
780,"Bresette, Liam","=""1:49.61""","=""7/26/2018"""
781,"Dahlgren, Jack","=""1:49.61""","=""8/1/2019"""
782,"Freeman, Trey","=""1:49.61""","=""8/1/2019"""
785,"Pieroni, Blake","=""1:49.61""","=""3/6/2020"""
786,"Urlando, Luca","=""1:49.61""","=""5/14/2021"""
787,"Callan, Patrick","=""1:49.62""","=""5/18/2019"""
788,"Cotter, Michael","=""1:49.62""","=""4/10/2021"""
789,"Grothe, Zane","=""1:49.62""","=""8/1/2019"""
791,"Lochte, Ryan","=""1:49.62""","=""4/14/2016"""
792,"Rooney, Maxime","=""1:49.62""","=""8/5/2016"""
793,"D'Arrigo, Mitch","=""1:49.63""","=""11/30/2018"""
794,"Newkirk, Jeff","=""1:49.63""","=""8/5/2017"""
795,"D'Arrigo, Mitch","=""1:49.64""","=""8/21/2017"""
797,"Stone, Lane","=""1:49.64""","=""6/18/2019"""
802,"Magahey, Jake","=""1:49.65""","=""5/18/2018"""
803,"Mitchell, Jake","=""1:49.65""","=""11/13/2020"""
804,"Rooney, Maxime","=""1:49.65""","=""5/21/2021"""
805,"Rose, Dare","=""1:49.65""","=""8/23/2018"""
806,"Schilling, Sam","=""1:49.65""","=""7/19/2019"""
808,"Sztolcman, Christian","=""1:49.65""","=""8/1/2019"""
810,"D'Arrigo, Mitch","=""1:49.66""","=""3/3/2016"""
811,"Freeman, Trey","=""1:49.66""","=""11/13/2020"""
814,"Newkirk, Jeff","=""1:49.66""","=""12/6/2019"""
816,"Rooney, Maxime","=""1:49.66""","=""6/3/2016"""
818,"D'Arrigo, Mitch","=""1:49.67""","=""11/30/2018"""
820,"Dressel, Caeleb","=""1:49.67""","=""4/11/2019"""
822,"Kibler, Drew","=""1:49.67""","=""3/3/2017"""
824,"Reilman, Joey","=""1:49.67""","=""6/28/2017"""
826,"Stone, Lane","=""1:49.67""","=""6/18/2019"""
827,"Apple, Zach","=""1:49.68""","=""1/17/2020"""
828,"Conger, Jack","=""1:49.68""","=""6/14/2019"""
830,"Dressel, Caeleb","=""1:49.68""","=""3/8/2019"""
832,"House, Grant","=""1:49.68""","=""11/13/2020"""
836,"Urlando, Luca","=""1:49.68""","=""5/14/2021"""
838,"Grothe, Zane","=""1:49.69""","=""6/14/2019"""
839,"Lochte, Ryan","=""1:49.69""","=""11/12/2015"""
841,"Smith, Kieran","=""1:49.69""","=""6/9/2018"""
842,"Stone, Lane","=""1:49.69""","=""7/26/2018"""
843,"Walker, Jack","=""1:49.69""","=""8/9/2019"""
848,"Magahey, Jake","=""1:49.71""","=""5/17/2019"""
852,"Smith, Clark","=""1:49.71""","=""4/14/2016"""
855,"Bresette, Liam","=""1:49.72""","=""8/1/2019"""
856,"Bybee, Cody","=""1:49.72""","=""7/26/2018"""
858,"Jett, Gabriel","=""1:49.72""","=""4/30/2021"""
863,"House, Grant","=""1:49.73""","=""1/30/2021"""
867,"Dolan, Jack","=""1:49.74""","=""3/23/2021"""
869,"Grothe, Zane","=""1:49.74""","=""5/6/2017"""
872,"Paulson, Colton","=""1:49.74""","=""8/1/2019"""
874,"Apple, Zach","=""1:49.75""","=""4/8/2021"""
875,"Fenlon, Matthew","=""1:49.75""","=""11/13/2020"""
876,"Maurer, Luke","=""1:49.75""","=""4/8/2021"""
877,"Litherland, Jay","=""1:49.76""","=""6/3/2017"""
878,"Pieroni, Blake","=""1:49.76""","=""7/7/2018"""
879,"Shoults, Grant","=""1:49.76""","=""6/23/2018"""
881,"Bybee, Cody","=""1:49.77""","=""12/6/2019"""
886,"Bresette, Liam","=""1:49.78""","=""8/2/2019"""
887,"Callan, Patrick","=""1:49.78""","=""6/16/2019"""
888,"Callan, Patrick","=""1:49.78""","=""6/15/2019"""
890,"Foster, Carson","=""1:49.78""","=""11/8/2019"""
893,"Bybee, Cody","=""1:49.79""","=""6/28/2017"""
895,"Sammon, Patrick","=""1:49.79""","=""4/30/2021"""
896,"Smith, Clark","=""1:49.79""","=""7/12/2019"""
898,"Dolan, Jack","=""1:49.80""","=""8/1/2019"""
899,"Grothe, Zane","=""1:49.80""","=""10/29/2015"""
901,"Haas, Townley","=""1:49.80""","=""6/8/2018"""
903,"Loy, Drew","=""1:49.80""","=""7/26/2018"""
904,"Rooney, Maxime","=""1:49.80""","=""5/18/2018"""
905,"Rose, Dare","=""1:49.80""","=""7/26/2018"""
907,"Apple, Zach","=""1:49.81""","=""3/26/2021"""
908,"Kibler, Drew","=""1:49.81""","=""8/24/2016"""
909,"Mitchell, Jake","=""1:49.81""","=""5/14/2021"""
911,"D'Arrigo, Mitch","=""1:49.82""","=""8/5/2017"""
915,"D'Arrigo, Mitch","=""1:49.83""","=""3/3/2016"""
916,"Haas, Townley","=""1:49.83""","=""6/13/2019"""
917,"Harting, Zach","=""1:49.83""","=""7/26/2018"""
921,"Harting, Zach","=""1:49.84""","=""4/11/2019"""
924,"Newkirk, Jeff","=""1:49.84""","=""3/5/2021"""
925,"Rooney, Maxime","=""1:49.84""","=""6/1/2018"""
929,"Callan, Patrick","=""1:49.85""","=""4/12/2018"""
930,"D'Arrigo, Mitch","=""1:49.85""","=""7/8/2016"""
933,"Callan, Patrick","=""1:49.86""","=""4/12/2018"""
934,"D'Arrigo, Mitch","=""1:49.86""","=""6/8/2018"""
935,"Foster, Carson","=""1:49.86""","=""6/16/2019"""
937,"Sannem, Jake","=""1:49.86""","=""8/1/2019"""
940,"Brown, Zach","=""1:49.87""","=""7/12/2019"""
941,"Foster, Carson","=""1:49.87""","=""3/1/2020"""
942,"Knowles, Eric","=""1:49.87""","=""7/12/2019"""
943,"Loy, Drew","=""1:49.87""","=""8/1/2019"""
945,"Apple, Zach","=""1:49.88""","=""7/7/2018"""
946,"D'Arrigo, Mitch","=""1:49.88""","=""5/14/2021"""
948,"Freeman, Trey","=""1:49.88""","=""6/22/2018"""
949,"Higgins, Walker","=""1:49.88""","=""7/26/2018"""
950,"Seliskar, Andrew","=""1:49.88""","=""3/6/2020"""
952,"House, Grant","=""1:49.89""","=""3/6/2020"""
955,"Cotter, Michael","=""1:49.90""","=""4/10/2021"""
958,"Walker, Jack","=""1:49.90""","=""3/29/2019"""
959,"Callan, Patrick","=""1:49.91""","=""7/7/2018"""
960,"D'Arrigo, Mitch","=""1:49.91""","=""4/6/2019"""
962,"Freeman, Trey","=""1:49.91""","=""4/30/2021"""
963,"Grothe, Zane","=""1:49.91""","=""3/8/2019"""
965,"Kibler, Drew","=""1:49.91""","=""6/28/2017"""
967,"Carrozza, Coby","=""1:49.92""","=""2/29/2020"""
970,"Newkirk, Jeff","=""1:49.92""","=""7/7/2017"""
972,"Conger, Jack","=""1:49.93""","=""4/14/2016"""
973,"Delakis, Paul","=""1:49.93""","=""7/26/2018"""
974,"Dressel, Caeleb","=""1:49.93""","=""6/27/2016"""
976,"Kibler, Drew","=""1:49.93""","=""8/11/2016"""
977,"Newkirk, Jeff","=""1:49.93""","=""3/5/2021"""
979,"Callan, Patrick","=""1:49.94""","=""7/5/2019"""
980,"Freeman, Trey","=""1:49.94""","=""1/11/2018"""
981,"Grothe, Zane","=""1:49.94""","=""5/14/2021"""
982,"Grothe, Zane","=""1:49.94""","=""3/6/2020"""
983,"Grothe, Zane","=""1:49.94""","=""11/7/2015"""
984,"Grothe, Zane","=""1:49.94""","=""3/3/2017"""
985,"Harting, Zach","=""1:49.94""","=""4/11/2019"""
986,"Pieroni, Blake","=""1:49.94""","=""10/16/2015"""
990,"Pieroni, Blake","=""1:49.95""","=""5/13/2016"""
991,"Pieroni, Blake","=""1:49.95""","=""4/9/2021"""
994,"Bentz, Gunnar","=""1:49.96""","=""6/3/2017"""
995,"Conger, Jack","=""1:49.96""","=""6/3/2017"""
996,"Conger, Jack","=""1:49.96""","=""4/11/2019"""
999,"Litherland, Jay","=""1:49.96""","=""4/8/2021"""
1003,"Dolan, Jack","=""1:49.97""","=""8/1/2019"""
1006,"Malone, Reed","=""1:49.97""","=""3/8/2019"""
1008,"Kalisz, Chase","=""1:49.98""","=""4/14/2016"""
1009,"Rooney, Maxime","=""1:49.98""","=""4/23/2016"""
1010,"Urlando, Luca","=""1:49.98""","=""12/6/2019"""
1011,"Dressel, Caeleb","=""1:49.99""","=""2/15/2020"""
1012,"Miller, Luke","=""1:49.99""","=""6/5/2021"""
1013,"D'Arrigo, Mitch","=""1:50.00""","=""6/8/2018"""
1014,"Gray, Andrew","=""1:50.00""","=""4/3/2021"""
1015,"Kibler, Drew","=""1:50.00""","=""6/21/2019"""
1016,"Rooney, Maxime","=""1:50.00""","=""6/23/2019"""
1018,"Apple, Zach","=""1:50.01""","=""6/17/2016"""
1020,"Davis, Wyatt","=""1:50.01""","=""8/1/2019"""
1021,"DeVine, Abrahm","=""1:50.01""","=""5/14/2021"""
1022,"Harting, Zach","=""1:50.01""","=""6/28/2017"""
1023,"Kibler, Drew","=""1:50.01""","=""6/27/2016"""
1024,"Lamastra, Connor","=""1:50.01""","=""5/21/2021"""
1028,"Miller, Luke","=""1:50.02""","=""8/1/2019"""
1031,"Callan, Patrick","=""1:50.03""","=""6/16/2019"""
1032,"Grothe, Zane","=""1:50.03""","=""5/18/2018"""
1033,"Julian, Trenton","=""1:50.03""","=""4/24/2021"""
1035,"Stone, Lane","=""1:50.03""","=""8/1/2019"""
1036,"Zettle, Alex","=""1:50.03""","=""8/11/2017"""
1040,"Bybee, Cody","=""1:50.05""","=""8/3/2017"""
1041,"D'Arrigo, Mitch","=""1:50.05""","=""4/6/2019"""
1044,"Haas, Townley","=""1:50.06""","=""5/21/2017"""
1048,"Pieroni, Blake","=""1:50.06""","=""5/18/2018"""
1050,"Rose, Dare","=""1:50.06""","=""5/29/2021"""
1052,"Gray, Andrew","=""1:50.07""","=""3/23/2021"""
1055,"Rooney, Maxime","=""1:50.07""","=""1/16/2016"""
1056,"Smith, Clark","=""1:50.07""","=""1/18/2019"""
1058,"Apple, Zach","=""1:50.08""","=""7/7/2018"""
1059,"Grieshop, Sean","=""1:50.08""","=""8/1/2019"""
1060,"Grothe, Zane","=""1:50.08""","=""4/12/2018"""
1061,"Magahey, Jake","=""1:50.08""","=""6/22/2018"""
1068,"Lasco, Destin","=""1:50.09""","=""8/1/2019"""
1069,"Reilman, Joey","=""1:50.09""","=""12/6/2019"""
1074,"Shoults, Grant","=""1:50.10""","=""5/29/2021"""
1075,"Smith, Clark","=""1:50.10""","=""7/12/2019"""
1076,"Bentz, Gunnar","=""1:50.11""","=""5/13/2016"""
1077,"Kalisz, Chase","=""1:50.11""","=""4/24/2021"""
1078,"Katz, Austin","=""1:50.11""","=""6/22/2018"""
1080,"Smith, Clark","=""1:50.11""","=""6/21/2019"""
1085,"D'Arrigo, Mitch","=""1:50.12""","=""5/12/2017"""
1087,"House, Grant","=""1:50.12""","=""6/22/2019"""
1090,"Newkirk, Jeff","=""1:50.12""","=""1/15/2021"""
1094,"Fail, Brooks","=""1:50.13""","=""7/13/2019"""
1098,"Steele, Sam","=""1:50.13""","=""7/7/2018"""
1102,"Kibler, Drew","=""1:50.14""","=""4/27/2019"""
1104,"Magahey, Jake","=""1:50.14""","=""7/6/2018"""
1106,"Farris, Dean","=""1:50.15""","=""6/8/2018"""
1107,"Freeman, Trey","=""1:50.15""","=""1/11/2018"""
1108,"Kibler, Drew","=""1:50.15""","=""11/13/2020"""
1111,"Rooney, Maxime","=""1:50.15""","=""8/5/2016"""
1114,"Grothe, Zane","=""1:50.16""","=""11/8/2019"""
1115,"Haas, Townley","=""1:50.16""","=""5/21/2021"""
1116,"Litherland, Jay","=""1:50.16""","=""6/8/2018"""
1117,"Smith, Kieran","=""1:50.16""","=""6/9/2018"""
1120,"Dressel, Caeleb","=""1:50.17""","=""3/8/2019"""
1121,"Gately, Liam","=""1:50.17""","=""7/25/2018"""
1122,"Grothe, Zane","=""1:50.17""","=""7/7/2018"""
1124,"Smith, Clark","=""1:50.17""","=""5/6/2017"""
1125,"Steele, Sam","=""1:50.17""","=""8/1/2019"""
1126,"Sztolcman, Christian","=""1:50.17""","=""8/1/2019"""
1129,"Dahlgren, Jack","=""1:50.19""","=""7/26/2018"""
1130,"Grothe, Zane","=""1:50.19""","=""3/6/2020"""
1132,"Rooney, Maxime","=""1:50.19""","=""5/21/2021"""
1137,"Katz, Austin","=""1:50.20""","=""4/27/2019"""
1139,"Newkirk, Jeff","=""1:50.20""","=""5/21/2021"""
1140,"Smith, Clark","=""1:50.20""","=""6/4/2016"""
1142,"Casas, Shaine","=""1:50.21""","=""7/12/2019"""
1147,"Litherland, Jay","=""1:50.22""","=""3/6/2020"""
1149,"Grothe, Zane","=""1:50.23""","=""3/3/2016"""
1153,"Urlando, Luca","=""1:50.23""","=""6/13/2019"""
1155,"Abruzzo, Andrew","=""1:50.24""","=""3/2/2018"""
1156,"Farris, Dean","=""1:50.24""","=""11/8/2019"""
1157,"Grothe, Zane","=""1:50.24""","=""6/27/2016"""
1158,"Kibler, Drew","=""1:50.24""","=""5/26/2019"""
1161,"Matejka, Andrew","=""1:50.24""","=""6/5/2021"""
1164,"Zettle, Alex","=""1:50.24""","=""6/28/2017"""
1165,"D'Arrigo, Mitch","=""1:50.25""","=""5/17/2019"""
1166,"Levant, Jack","=""1:50.25""","=""8/11/2017"""
1167,"Lochte, Ryan","=""1:50.25""","=""8/1/2019"""
1169,"Shoults, Grant","=""1:50.25""","=""6/8/2018"""
1170,"Smith, Clark","=""1:50.25""","=""5/6/2017"""
1177,"Litherland, Jay","=""1:50.27""","=""5/14/2021"""
1178,"Litherland, Jay","=""1:50.27""","=""6/3/2016"""
1179,"Lochte, Ryan","=""1:50.27""","=""3/5/2021"""
1180,"Urlando, Luca","=""1:50.27""","=""4/24/2021"""
1181,"Abruzzo, Andrew","=""1:50.28""","=""5/14/2021"""
1184,"Magahey, Jake","=""1:50.28""","=""6/21/2019"""
1185,"McKeen, Sadler","=""1:50.28""","=""11/22/2019"""
1187,"Apple, Zach","=""1:50.29""","=""6/17/2016"""
1193,"Freeman, Trey","=""1:50.30""","=""5/17/2019"""
1195,"Higgins, Walker","=""1:50.30""","=""8/5/2017"""
1196,"Higgins, Walker","=""1:50.30""","=""7/6/2018"""
1197,"Lasco, Destin","=""1:50.30""","=""8/11/2017"""
1199,"Stone, Lane","=""1:50.30""","=""7/20/2018"""
1203,"D'Arrigo, Mitch","=""1:50.31""","=""1/21/2018"""
1206,"Magahey, Jake","=""1:50.31""","=""1/17/2020"""
1208,"Pieroni, Blake","=""1:50.31""","=""5/6/2017"""
1212,"D'Arrigo, Mitch","=""1:50.32""","=""3/6/2020"""
1213,"Foster, Carson","=""1:50.32""","=""1/15/2021"""
1215,"Litherland, Jay","=""1:50.32""","=""6/21/2019"""
1217,"Seliskar, Andrew","=""1:50.32""","=""1/15/2021"""
1219,"Apple, Zach","=""1:50.33""","=""6/14/2019"""
1220,"Bresette, Liam","=""1:50.33""","=""3/23/2021"""
1224,"Pebley, Jacob","=""1:50.33""","=""4/11/2019"""
1228,"Levant, Jack","=""1:50.34""","=""12/6/2019"""
1231,"Bentz, Gunnar","=""1:50.35""","=""5/18/2018"""
1232,"Haas, Townley","=""1:50.35""","=""10/16/2015"""
1234,"Litherland, Jay","=""1:50.35""","=""11/30/2018"""
1235,"Newkirk, Jeff","=""1:50.35""","=""7/27/2016"""
1238,"Bybee, Cody","=""1:50.36""","=""8/3/2017"""
1240,"Grothe, Zane","=""1:50.36""","=""5/18/2019"""
1248,"Thornbrue, Luke","=""1:50.36""","=""8/4/2019"""
1250,"Farris, Dean","=""1:50.37""","=""3/6/2020"""
1251,"Freeman, Trey","=""1:50.37""","=""8/24/2016"""
1253,"Higgins, Walker","=""1:50.37""","=""8/5/2017"""
1257,"Hill, Julian","=""1:50.38""","=""4/3/2021"""
1258,"Sannem, Jake","=""1:50.38""","=""4/27/2019"""
1259,"Apple, Zach","=""1:50.39""","=""6/8/2018"""
1260,"Carrozza, Coby","=""1:50.39""","=""11/13/2020"""
1261,"D'Arrigo, Mitch","=""1:50.39""","=""6/1/2018"""
1262,"Farris, Dean","=""1:50.39""","=""6/28/2017"""
1264,"Higgins, Walker","=""1:50.39""","=""8/1/2019"""
1265,"Julian, Trenton","=""1:50.39""","=""5/25/2018"""
1267,"Callan, Patrick","=""1:50.40""","=""7/7/2018"""
1268,"Grieshop, Sean","=""1:50.40""","=""8/24/2016"""
1269,"Hobson, Luke","=""1:50.40""","=""4/30/2021"""
1272,"Urlando, Luca","=""1:50.40""","=""1/10/2019"""
1273,"Delakis, Paul","=""1:50.41""","=""8/1/2019"""
1274,"Kibler, Drew","=""1:50.41""","=""1/15/2021"""
1275,"Petrides, Michael","=""1:50.41""","=""8/2/2019"""
1276,"Smith, Clark","=""1:50.41""","=""6/21/2019"""
1279,"Hill, Julian","=""1:50.42""","=""5/14/2021"""
1281,"Kibler, Drew","=""1:50.42""","=""6/3/2016"""
1284,"Apple, Zach","=""1:50.44""","=""3/5/2021"""
1287,"Foster, Carson","=""1:50.44""","=""8/11/2017"""
1288,"Gately, Liam","=""1:50.44""","=""7/25/2018"""
1289,"Grothe, Zane","=""1:50.44""","=""3/3/2016"""
1293,"Malone, Reed","=""1:50.44""","=""3/8/2019"""
1299,"Mitchell, Jake","=""1:50.45""","=""5/14/2021"""
1300,"Rose, Dare","=""1:50.45""","=""11/30/2018"""
1303,"Carrozza, Coby","=""1:50.46""","=""3/2/2019"""
1304,"Haas, Townley","=""1:50.46""","=""4/27/2019"""
1305,"Newkirk, Jeff","=""1:50.46""","=""5/21/2021"""
1306,"Bresette, Liam","=""1:50.47""","=""5/14/2021"""
1309,"Kalisz, Chase","=""1:50.47""","=""6/3/2017"""
1310,"Kalisz, Chase","=""1:50.47""","=""1/10/2019"""
1311,"Pieroni, Blake","=""1:50.47""","=""6/3/2016"""
1312,"Rose, Dare","=""1:50.47""","=""11/30/2018"""
1315,"Callan, Patrick","=""1:50.48""","=""6/9/2017"""
1316,"Dahlgren, Jack","=""1:50.48""","=""4/27/2019"""
1317,"Dolan, Jack","=""1:50.48""","=""4/3/2021"""
1318,"Foster, Carson","=""1:50.48""","=""8/11/2017"""
1325,"Dahlgren, Jack","=""1:50.49""","=""7/26/2018"""
1327,"Farris, Dean","=""1:50.49""","=""7/13/2018"""
1328,"Hill, Julian","=""1:50.49""","=""5/14/2021"""
1331,"Grothe, Zane","=""1:50.50""","=""6/8/2018"""
1332,"House, Grant","=""1:50.50""","=""1/17/2020"""
1336,"Grothe, Zane","=""1:50.51""","=""11/3/2015"""
1339,"Magahey, Jake","=""1:50.51""","=""3/2/2018"""
1340,"Zettle, Alex","=""1:50.51""","=""8/1/2019"""
1341,"Abruzzo, Andrew","=""1:50.52""","=""7/26/2019"""
1342,"Bentz, Gunnar","=""1:50.52""","=""6/3/2016"""
1345,"Fail, Brooks","=""1:50.52""","=""7/26/2018"""
1347,"Litherland, Jay","=""1:50.52""","=""3/6/2020"""
1350,"Carrozza, Coby","=""1:50.53""","=""8/1/2019"""
1351,"Farris, Dean","=""1:50.53""","=""6/22/2018"""
1353,"Lasco, Destin","=""1:50.53""","=""7/26/2018"""
1354,"Waters, Ryan","=""1:50.53""","=""5/1/2021"""
1356,"Conger, Jack","=""1:50.54""","=""6/3/2017"""
1358,"Litherland, Jay","=""1:50.54""","=""5/18/2018"""
1359,"Pebley, Jacob","=""1:50.54""","=""4/11/2019"""
1360,"Pebley, Jacob","=""1:50.54""","=""5/25/2018"""
1361,"Shoults, Grant","=""1:50.54""","=""4/30/2016"""
1366,"Hill, Julian","=""1:50.55""","=""11/13/2020"""
1372,"Fail, Brooks","=""1:50.56""","=""8/1/2019"""
1375,"Lochte, Ryan","=""1:50.56""","=""3/9/2018"""
1376,"Mitchell, Jake","=""1:50.56""","=""8/1/2019"""
1380,"Yeadon, Zach","=""1:50.56""","=""5/29/2021"""
1383,"Fail, Brooks","=""1:50.58""","=""7/26/2018"""
1384,"Jackson, Will","=""1:50.58""","=""5/14/2021"""
1388,"Rooney, Maxime","=""1:50.58""","=""7/30/2016"""
1389,"Schilling, Sam","=""1:50.58""","=""8/1/2019"""
1395,"Apple, Zach","=""1:50.59""","=""1/17/2020"""
1396,"D'Arrigo, Mitch","=""1:50.59""","=""3/8/2019"""
1399,"Dressel, Caeleb","=""1:50.59""","=""6/22/2019"""
1402,"Pebley, Jacob","=""1:50.59""","=""4/5/2016"""
1404,"Smith, Kieran","=""1:50.59""","=""8/5/2017"""
1405,"Tenney, Michael","=""1:50.59""","=""8/1/2019"""
1410,"Gately, Liam","=""1:50.60""","=""8/1/2019"""
1411,"Grothe, Zane","=""1:50.60""","=""1/16/2016"""
1412,"Levant, Jack","=""1:50.60""","=""6/22/2019"""
1413,"Lochte, Ryan","=""1:50.60""","=""2/15/2020"""
1414,"Manoff, Blake","=""1:50.60""","=""5/22/2021"""
1415,"Pebley, Jacob","=""1:50.60""","=""11/30/2018"""
1416,"Pieroni, Blake","=""1:50.60""","=""6/3/2016"""
1419,"Bentz, Gunnar","=""1:50.61""","=""6/21/2019"""
1424,"Litherland, Jay","=""1:50.61""","=""4/8/2021"""
1425,"Lochte, Ryan","=""1:50.61""","=""11/8/2019"""
1427,"Magahey, Jake","=""1:50.61""","=""5/17/2019"""
1428,"Neri, Parker","=""1:50.61""","=""7/20/2017"""
1429,"Pieroni, Blake","=""1:50.61""","=""5/18/2019"""
1430,"Pieroni, Blake","=""1:50.61""","=""3/5/2021"""
1432,"Walker, Jack","=""1:50.61""","=""8/9/2019"""
1433,"Apple, Zach","=""1:50.62""","=""6/27/2016"""
1436,"Kibler, Drew","=""1:50.62""","=""5/21/2021"""
1438,"Rose, Dare","=""1:50.62""","=""3/29/2019"""
1441,"Bentz, Gunnar","=""1:50.63""","=""5/6/2017"""
1443,"Kibler, Drew","=""1:50.63""","=""6/3/2017"""
1446,"D'Arrigo, Mitch","=""1:50.64""","=""3/8/2019"""
1448,"Lochte, Ryan","=""1:50.64""","=""11/8/2019"""
1450,"Shoults, Grant","=""1:50.64""","=""1/16/2016"""
1457,"Grothe, Zane","=""1:50.66""","=""6/3/2016"""
1460,"Miller, Luke","=""1:50.66""","=""8/1/2019"""
1461,"Rose, Dare","=""1:50.66""","=""7/26/2018"""
1462,"Seliskar, Andrew","=""1:50.66""","=""5/24/2019"""
1463,"Wieser, Chris","=""1:50.66""","=""12/6/2019"""
1464,"D'Arrigo, Mitch","=""1:50.67""","=""8/5/2017"""
1465,"D'Arrigo, Mitch","=""1:50.67""","=""7/12/2019"""
1468,"Pieroni, Blake","=""1:50.67""","=""5/13/2016"""
1469,"Abruzzo, Andrew","=""1:50.68""","=""3/2/2018"""
1475,"Petrides, Michael","=""1:50.68""","=""6/5/2021"""
1481,"Apple, Zach","=""1:50.70""","=""3/6/2020"""
1482,"Dolan, Jack","=""1:50.70""","=""6/28/2017"""
1483,"Hils, Zach","=""1:50.70""","=""5/14/2021"""
1485,"McKeen, Sadler","=""1:50.70""","=""7/26/2018"""
1486,"Shoults, Grant","=""1:50.70""","=""6/27/2016"""
1489,"D'Arrigo, Mitch","=""1:50.71""","=""11/8/2019"""
1491,"Kibler, Drew","=""1:50.71""","=""1/15/2021"""
1492,"Miller, Luke","=""1:50.71""","=""5/15/2021"""
1497,"Conger, Jack","=""1:50.72""","=""6/8/2018"""
1498,"Cotter, Michael","=""1:50.72""","=""11/13/2020"""
1499,"Higgins, Walker","=""1:50.72""","=""6/9/2019"""
1501,"Kalisz, Chase","=""1:50.72""","=""4/14/2016"""
1503,"Lochte, Ryan","=""1:50.72""","=""3/5/2021"""
1504,"Mahaffey, Dakota","=""1:50.72""","=""8/1/2019"""
1505,"Stone, Lane","=""1:50.72""","=""11/22/2019"""
1506,"D'Arrigo, Mitch","=""1:50.73""","=""7/7/2018"""
1507,"Daly, Michael","=""1:50.73""","=""7/31/2019"""
1510,"Paulson, Colton","=""1:50.73""","=""7/26/2018"""
1511,"Steele, Sam","=""1:50.73""","=""7/26/2018"""
1513,"Hoover, Sam","=""1:50.74""","=""11/13/2020"""
1514,"Litherland, Jay","=""1:50.74""","=""3/8/2019"""
1516,"Wozencraft, Cooper","=""1:50.74""","=""8/1/2019"""
1517,"Bybee, Cody","=""1:50.75""","=""6/22/2019"""
1520,"Katz, Austin","=""1:50.75""","=""1/18/2019"""
1522,"Neri, Parker","=""1:50.75""","=""4/6/2019"""
1523,"Seliskar, Andrew","=""1:50.75""","=""1/15/2021"""
1526,"D'Arrigo, Mitch","=""1:50.76""","=""11/8/2019"""
1533,"DeVine, Abrahm","=""1:50.77""","=""6/23/2018"""
1537,"Callan, Patrick","=""1:50.78""","=""6/1/2018"""
1539,"Freeman, Trey","=""1:50.78""","=""1/14/2017"""
1541,"Newkirk, Jeff","=""1:50.78""","=""5/22/2016"""
1544,"Walker, Jack","=""1:50.78""","=""7/26/2018"""
1545,"Wieser, Chris","=""1:50.78""","=""12/6/2015"""
1546,"Wright, Jack","=""1:50.78""","=""8/1/2019"""
1549,"Julian, Trenton","=""1:50.80""","=""5/24/2019"""
1550,"Manoff, Blake","=""1:50.80""","=""4/30/2021"""
1553,"Yeadon, Zach","=""1:50.80""","=""11/22/2019"""
1556,"Farris, Dean","=""1:50.81""","=""5/17/2019"""
1557,"Fenlon, Matthew","=""1:50.81""","=""11/12/2020"""
1559,"Hill, Julian","=""1:50.81""","=""8/1/2019"""
1561,"Lochte, Ryan","=""1:50.81""","=""5/18/2018"""
1564,"Jackson, Will","=""1:50.82""","=""6/5/2021"""
1565,"Kibler, Drew","=""1:50.82""","=""8/11/2016"""
1567,"Rose, Dare","=""1:50.82""","=""1/17/2020"""
1568,"Dolan, Jack","=""1:50.83""","=""6/28/2017"""
1570,"Newkirk, Jeff","=""1:50.83""","=""6/22/2018"""
1574,"Conger, Jack","=""1:50.84""","=""5/13/2016"""
1575,"House, Grant","=""1:50.84""","=""7/29/2016"""
1580,"Smith, Kieran","=""1:50.85""","=""8/5/2017"""
1585,"Haas, Townley","=""1:50.86""","=""5/13/2016"""
1586,"Newkirk, Jeff","=""1:50.86""","=""6/21/2019"""
1588,"Sannem, Jake","=""1:50.86""","=""1/18/2019"""
1589,"D'Arrigo, Mitch","=""1:50.87""","=""2/15/2020"""
1590,"Held, Ryan","=""1:50.87""","=""5/18/2018"""
1591,"Higgins, Walker","=""1:50.87""","=""5/13/2016"""
1592,"Hill, Julian","=""1:50.87""","=""8/3/2018"""
1593,"Katz, Austin","=""1:50.87""","=""4/21/2018"""
1595,"Litherland, Jay","=""1:50.87""","=""5/13/2016"""
1597,"Sannem, Jake","=""1:50.87""","=""7/26/2018"""
1599,"Apple, Zach","=""1:50.88""","=""5/26/2017"""
1601,"Carrozza, Coby","=""1:50.88""","=""5/21/2021"""
1602,"DeVine, Abrahm","=""1:50.88""","=""5/14/2021"""
1606,"House, Grant","=""1:50.88""","=""4/3/2021"""
1610,"Smith, Clark","=""1:50.88""","=""5/26/2019"""
1616,"Bresette, Liam","=""1:50.89""","=""4/3/2021"""
1619,"House, Grant","=""1:50.89""","=""7/7/2018"""
1620,"Loy, Drew","=""1:50.89""","=""6/28/2017"""
1622,"Newkirk, Jeff","=""1:50.90""","=""7/13/2018"""
1624,"Urlando, Luca","=""1:50.90""","=""11/8/2019"""
1628,"Foster, Carson","=""1:50.91""","=""1/11/2018"""
1629,"Higgins, Walker","=""1:50.91""","=""7/14/2017"""
1631,"Mitchell, Jake","=""1:50.91""","=""8/3/2018"""
1633,"Sannem, Jake","=""1:50.91""","=""7/14/2018"""
1637,"Callan, Patrick","=""1:50.92""","=""5/18/2019"""
1640,"Dolan, Jack","=""1:50.92""","=""12/6/2019"""
1641,"Freeman, Trey","=""1:50.92""","=""8/24/2016"""
1643,"Grothe, Zane","=""1:50.92""","=""1/17/2020"""
1644,"Hoover, Sam","=""1:50.92""","=""4/10/2021"""
1646,"Mahaffey, Dakota","=""1:50.92""","=""7/26/2018"""
1650,"Abruzzo, Andrew","=""1:50.93""","=""8/24/2016"""
1651,"Apple, Zach","=""1:50.93""","=""5/12/2017"""
1653,"Rose, Dare","=""1:50.93""","=""12/6/2019"""
1656,"Theall, Mark","=""1:50.93""","=""7/12/2019"""
1657,"Haas, Townley","=""1:50.94""","=""6/4/2016"""
1658,"Held, Ryan","=""1:50.94""","=""5/14/2021"""
1659,"Jett, Gabriel","=""1:50.94""","=""4/30/2021"""
1660,"Lasco, Destin","=""1:50.94""","=""4/8/2021"""
1663,"D'Arrigo, Mitch","=""1:50.95""","=""3/6/2020"""
1664,"DeVine, Abrahm","=""1:50.95""","=""3/5/2020"""
1674,"Seliskar, Andrew","=""1:50.96""","=""3/5/2021"""
1678,"Bentz, Gunnar","=""1:50.97""","=""6/3/2016"""
1684,"Pebley, Jacob","=""1:50.97""","=""4/14/2017"""
1685,"Seliskar, Andrew","=""1:50.97""","=""5/25/2018"""
1690,"Bresette, Liam","=""1:50.98""","=""6/5/2021"""
1698,"Malone, Reed","=""1:50.99""","=""4/30/2016"""
1705,"D'Arrigo, Mitch","=""1:51.00""","=""5/14/2021"""
1706,"Dolan, Jack","=""1:51.00""","=""8/3/2017"""
1708,"Freeman, Trey","=""1:51.00""","=""2/14/2016"""
1709,"Hauss, Graham","=""1:51.00""","=""7/15/2018"""
1710,"Kibler, Drew","=""1:51.00""","=""5/21/2016"""
1711,"Manoff, Blake","=""1:51.00""","=""8/1/2019"""
1712,"Manoff, Blake","=""1:51.00""","=""5/22/2021"""
1717,"Macmillan, Will","=""1:51.01""","=""8/1/2019"""
1718,"Rose, Dare","=""1:51.01""","=""1/17/2020"""
1724,"Fail, Brooks","=""1:51.02""","=""6/22/2019"""
1730,"Freeman, Trey","=""1:51.03""","=""6/27/2016"""
1733,"McKeen, Sadler","=""1:51.03""","=""5/18/2018"""
1735,"Paulson, Colton","=""1:51.03""","=""8/3/2017"""
1736,"Rose, Dare","=""1:51.03""","=""3/2/2018"""
1739,"Waters, Ryan","=""1:51.03""","=""6/5/2021"""
1742,"Held, Ryan","=""1:51.04""","=""5/14/2021"""
1743,"Higgins, Walker","=""1:51.04""","=""6/28/2017"""
1747,"Kibler, Drew","=""1:51.04""","=""5/18/2018"""
1748,"Knowles, Eric","=""1:51.04""","=""7/12/2019"""
1749,"Levant, Jack","=""1:51.04""","=""8/11/2017"""
1751,"Magahey, Jake","=""1:51.04""","=""8/3/2018"""
1752,"Shoults, Grant","=""1:51.04""","=""11/12/2015"""
1755,"Abruzzo, Andrew","=""1:51.05""","=""3/3/2017"""
1756,"DeVine, Abrahm","=""1:51.05""","=""12/12/2020"""
1758,"Hoover, Sam","=""1:51.05""","=""4/30/2021"""
1763,"Yeadon, Zach","=""1:51.06""","=""5/14/2021"""
1765,"Jett, Gabriel","=""1:51.07""","=""5/15/2021"""
1766,"Kibler, Drew","=""1:51.07""","=""5/20/2017"""
1769,"Litherland, Jay","=""1:51.07""","=""11/8/2019"""
1771,"Thornbrue, Luke","=""1:51.07""","=""8/3/2019"""
1772,"Apple, Zach","=""1:51.08""","=""5/18/2019"""
1777,"Jett, Gabriel","=""1:51.08""","=""5/15/2021"""
1779,"Pebley, Jacob","=""1:51.08""","=""5/13/2016"""
1785,"Shoults, Grant","=""1:51.09""","=""5/21/2021"""
1786,"Yeadon, Zach","=""1:51.09""","=""7/27/2018"""
1789,"Conger, Jack","=""1:51.10""","=""5/13/2016"""
1791,"Kalisz, Chase","=""1:51.10""","=""1/10/2019"""
1793,"Lochte, Ryan","=""1:51.10""","=""5/14/2021"""
1794,"Newkirk, Jeff","=""1:51.10""","=""4/24/2021"""
1795,"Pebley, Jacob","=""1:51.10""","=""5/13/2016"""
1796,"Steele, Sam","=""1:51.10""","=""7/7/2018"""
1806,"Auchinachie, Cameron","=""1:51.12""","=""8/1/2019"""
1807,"Bresette, Liam","=""1:51.12""","=""4/3/2021"""
1812,"Shoults, Grant","=""1:51.12""","=""4/29/2017"""
1813,"Sztolcman, Christian","=""1:51.12""","=""8/3/2018"""
1818,"Pieroni, Blake","=""1:51.13""","=""6/14/2019"""
1823,"D'Arrigo, Mitch","=""1:51.14""","=""1/15/2021"""
1824,"D'Arrigo, Mitch","=""1:51.14""","=""3/26/2021"""
1827,"Farris, Dean","=""1:51.14""","=""3/6/2020"""
1829,"Petrides, Michael","=""1:51.14""","=""6/26/2018"""
1832,"Rose, Dare","=""1:51.14""","=""3/2/2018"""
1834,"Bybee, Cody","=""1:51.15""","=""8/11/2016"""
1836,"House, Grant","=""1:51.15""","=""5/18/2019"""
1838,"Lasco, Destin","=""1:51.15""","=""4/8/2021"""
1839,"Newkirk, Jeff","=""1:51.15""","=""6/25/2017"""
1843,"D'Arrigo, Mitch","=""1:51.16""","=""5/18/2018"""
1844,"Davis, Wyatt","=""1:51.16""","=""1/17/2020"""
1847,"Freeman, Trey","=""1:51.16""","=""3/17/2016"""
1848,"Hils, Zach","=""1:51.16""","=""8/9/2019"""
1850,"Knowles, Eric","=""1:51.16""","=""11/13/2020"""
1851,"Sannem, Jake","=""1:51.16""","=""6/28/2017"""
1853,"Zettle, Alex","=""1:51.16""","=""6/28/2017"""
1859,"Carrozza, Coby","=""1:51.18""","=""5/21/2021"""
1860,"Conger, Jack","=""1:51.18""","=""4/21/2018"""
1861,"D'Arrigo, Mitch","=""1:51.18""","=""2/12/2021"""
1863,"Mitchell, Jake","=""1:51.18""","=""1/17/2020"""
1864,"Reilman, Joey","=""1:51.18""","=""1/17/2020"""
1867,"Wright, Jack","=""1:51.18""","=""4/11/2019"""
1870,"Freeman, Trey","=""1:51.19""","=""5/6/2017"""
1871,"Hill, Julian","=""1:51.19""","=""4/8/2018"""
1873,"Petrides, Michael","=""1:51.19""","=""6/26/2018"""
1875,"Callan, Patrick","=""1:51.20""","=""7/5/2019"""
1876,"Harting, Zach","=""1:51.20""","=""7/7/2018"""
1877,"House, Grant","=""1:51.20""","=""6/28/2017"""
1884,"Abruzzo, Andrew","=""1:51.21""","=""5/14/2021"""
1887,"Kibler, Drew","=""1:51.21""","=""6/3/2016"""
1891,"Rooney, Maxime","=""1:51.21""","=""6/3/2017"""
1892,"Wright, Jack","=""1:51.21""","=""8/1/2019"""
1897,"Julian, Trenton","=""1:51.23""","=""6/8/2018"""
1898,"Litherland, Jay","=""1:51.23""","=""6/8/2018"""
1900,"Rose, Dare","=""1:51.23""","=""7/1/2018"""
1903,"Delakis, Paul","=""1:51.24""","=""7/7/2018"""
1908,"Stone, Lane","=""1:51.24""","=""7/20/2018"""
1910,"Wright, Jack","=""1:51.24""","=""7/26/2018"""
1913,"Fail, Brooks","=""1:51.25""","=""7/13/2019"""
1915,"Smith, Clark","=""1:51.25""","=""6/8/2018"""
1916,"Abruzzo, Andrew","=""1:51.26""","=""8/24/2016"""
1917,"Callan, Patrick","=""1:51.26""","=""8/11/2016"""
1918,"D'Arrigo, Mitch","=""1:51.26""","=""11/13/2020"""
1922,"Julian, Trenton","=""1:51.26""","=""5/24/2019"""
1923,"Kibler, Drew","=""1:51.26""","=""6/7/2018"""
1924,"Pebley, Jacob","=""1:51.26""","=""5/25/2018"""
1926,"Steele, Sam","=""1:51.26""","=""6/17/2016"""
1929,"Bresette, Liam","=""1:51.27""","=""6/22/2019"""
1938,"House, Grant","=""1:51.28""","=""1/17/2020"""
1947,"Haas, Townley","=""1:51.29""","=""10/21/2016"""
1950,"Maurer, Luke","=""1:51.29""","=""5/21/2021"""
1951,"Seliskar, Andrew","=""1:51.29""","=""1/17/2020"""
1954,"Bresette, Liam","=""1:51.30""","=""5/18/2019"""
1955,"Haas, Townley","=""1:51.30""","=""7/13/2018"""
1958,"Litherland, Jay","=""1:51.30""","=""5/18/2018"""
1959,"Magahey, Jake","=""1:51.30""","=""7/26/2018"""
1960,"McKeen, Sadler","=""1:51.30""","=""8/1/2019"""
1965,"Knowles, Eric","=""1:51.31""","=""6/14/2019"""
1973,"Lamastra, Connor","=""1:51.32""","=""5/21/2021"""
1975,"Newkirk, Jeff","=""1:51.32""","=""5/26/2019"""
1984,"Grothe, Zane","=""1:51.33""","=""6/14/2019"""
1987,"Petrides, Michael","=""1:51.33""","=""5/29/2021"""
1988,"Rooney, Maxime","=""1:51.33""","=""7/12/2019"""
1990,"Held, Ryan","=""1:51.34""","=""5/18/2018"""
1997,"Rooney, Maxime","=""1:51.34""","=""6/3/2017"""
1998,"Bybee, Cody","=""1:51.35""","=""7/7/2018"""
2003,"House, Grant","=""1:51.35""","=""12/6/2019"""
2013,"Maurer, Luke","=""1:51.36""","=""4/8/2021"""
2015,"Rooney, Maxime","=""1:51.36""","=""1/16/2016"""
2017,"Shoults, Grant","=""1:51.36""","=""8/1/2019"""
2020,"Foster, Carson","=""1:51.37""","=""7/20/2017"""
2023,"Walker, Jack","=""1:51.37""","=""6/16/2018"""
2028,"Freeman, Trey","=""1:51.38""","=""5/6/2017"""
2029,"Higgins, Walker","=""1:51.38""","=""6/9/2019"""
2030,"Litherland, Jay","=""1:51.38""","=""5/14/2021"""
2034,"Dahlgren, Jack","=""1:51.39""","=""4/24/2021"""
2038,"Levant, Jack","=""1:51.39""","=""1/14/2017"""
2041,"Bybee, Cody","=""1:51.40""","=""5/21/2016"""
2043,"Hauss, Graham","=""1:51.40""","=""8/1/2019"""
2044,"Katz, Austin","=""1:51.40""","=""6/27/2016"""
2061,"Bybee, Cody","=""1:51.42""","=""6/22/2019"""
2064,"Farris, Dean","=""1:51.42""","=""4/8/2021"""
2065,"Grieshop, Sean","=""1:51.42""","=""8/24/2016"""
2071,"D'Arrigo, Mitch","=""1:51.43""","=""1/21/2018"""
2073,"Sannem, Jake","=""1:51.43""","=""8/11/2016"""
2074,"Tenney, Michael","=""1:51.43""","=""7/20/2018"""
2075,"Bybee, Cody","=""1:51.44""","=""8/24/2016"""
2077,"Katz, Austin","=""1:51.44""","=""12/4/2015"""
2078,"Magahey, Jake","=""1:51.44""","=""8/3/2018"""
2079,"Miller, Luke","=""1:51.44""","=""11/8/2019"""
2081,"Pieroni, Blake","=""1:51.44""","=""10/21/2016"""
2082,"Smith, Clark","=""1:51.44""","=""6/22/2018"""
2083,"Yeadon, Zach","=""1:51.44""","=""4/8/2021"""
2084,"DeVine, Abrahm","=""1:51.45""","=""6/22/2019"""
2087,"Foster, Carson","=""1:51.45""","=""6/3/2018"""
2090,"Wieser, Chris","=""1:51.45""","=""6/27/2016"""
2100,"Dressel, Caeleb","=""1:51.47""","=""5/12/2017"""
2101,"Foster, Carson","=""1:51.47""","=""7/7/2018"""
2107,"Callan, Patrick","=""1:51.48""","=""6/3/2016"""
2114,"Magahey, Jake","=""1:51.48""","=""3/2/2018"""
2118,"Stone, Lane","=""1:51.48""","=""6/28/2017"""
2124,"Higgins, Walker","=""1:51.49""","=""5/13/2016"""
2127,"Conger, Jack","=""1:51.50""","=""5/6/2017"""
2128,"Conger, Jack","=""1:51.50""","=""6/14/2019"""
2129,"Farris, Dean","=""1:51.50""","=""7/14/2017"""
2136,"Bresette, Liam","=""1:51.51""","=""6/22/2019"""
2137,"Casas, Shaine","=""1:51.51""","=""6/21/2019"""
2144,"Conger, Jack","=""1:51.52""","=""6/4/2016"""
2145,"Dolan, Jack","=""1:51.52""","=""7/15/2017"""
2146,"Freeman, Trey","=""1:51.52""","=""6/22/2018"""
2159,"Smith, Kieran","=""1:51.53""","=""5/17/2019"""
2164,"Dolan, Jack","=""1:51.54""","=""7/26/2018"""
2165,"Farris, Dean","=""1:51.54""","=""5/18/2018"""
2166,"Wieser, Chris","=""1:51.54""","=""7/26/2018"""
2168,"Bresette, Liam","=""1:51.55""","=""7/7/2018"""
2172,"Levant, Jack","=""1:51.55""","=""1/14/2017"""
2173,"Litherland, Jay","=""1:51.55""","=""1/10/2019"""
2176,"Cotter, Michael","=""1:51.56""","=""3/6/2020"""
2177,"Dolan, Jack","=""1:51.56""","=""12/6/2019"""
2180,"Higgins, Walker","=""1:51.56""","=""6/27/2016"""
2184,"Yeadon, Zach","=""1:51.56""","=""7/13/2018"""
2185,"Abruzzo, Andrew","=""1:51.57""","=""3/3/2017"""
2190,"Lasco, Destin","=""1:51.57""","=""5/14/2021"""
2194,"Grothe, Zane","=""1:51.58""","=""6/8/2018"""
2195,"Miller, Luke","=""1:51.58""","=""6/13/2019"""
2197,"Theall, Mark","=""1:51.58""","=""7/12/2019"""
2201,"D'Arrigo, Mitch","=""1:51.59""","=""7/8/2016"""
2203,"Miller, Luke","=""1:51.59""","=""11/8/2019"""
2204,"Newkirk, Jeff","=""1:51.59""","=""5/20/2018"""
2207,"Sannem, Jake","=""1:51.59""","=""4/1/2016"""
2208,"Shoults, Grant","=""1:51.59""","=""1/16/2016"""
2209,"Thornbrue, Luke","=""1:51.59""","=""8/3/2018"""
2212,"Conger, Jack","=""1:51.60""","=""6/8/2018"""
2213,"Farris, Dean","=""1:51.60""","=""6/21/2019"""
2214,"Harting, Zach","=""1:51.60""","=""6/14/2019"""
2221,"Schilling, Sam","=""1:51.60""","=""6/3/2016"""
2222,"Smith, Clark","=""1:51.60""","=""1/18/2019"""
2223,"Stewart, Sam","=""1:51.60""","=""6/20/2019"""
2225,"House, Grant","=""1:51.61""","=""4/27/2019"""
2226,"Julian, Trenton","=""1:51.61""","=""5/25/2018"""
2227,"Newkirk, Jeff","=""1:51.61""","=""7/7/2017"""
2228,"Stone, Lane","=""1:51.61""","=""8/11/2017"""
2232,"Kibler, Drew","=""1:51.62""","=""11/8/2019"""
2233,"McKeen, Sadler","=""1:51.62""","=""7/21/2019"""
2235,"Bentz, Gunnar","=""1:51.63""","=""5/13/2016"""
2237,"Magahey, Jake","=""1:51.63""","=""7/6/2018"""
2241,"Stone, Lane","=""1:51.63""","=""6/18/2016"""
2242,"Walker, Jack","=""1:51.63""","=""3/29/2019"""
2245,"Bresette, Liam","=""1:51.64""","=""3/31/2017"""
2250,"Malone, Reed","=""1:51.64""","=""5/27/2016"""
2251,"Matejka, Andrew","=""1:51.64""","=""5/21/2021"""
2258,"Bresette, Liam","=""1:51.65""","=""5/18/2019"""
2259,"Carrozza, Coby","=""1:51.65""","=""1/18/2019"""
2260,"Casas, Shaine","=""1:51.65""","=""8/11/2017"""
2261,"Casas, Shaine","=""1:51.65""","=""7/13/2018"""
2262,"Dolan, Jack","=""1:51.65""","=""8/5/2016"""
2263,"Dressel, Caeleb","=""1:51.65""","=""5/13/2016"""
2267,"Newkirk, Jeff","=""1:51.65""","=""11/8/2019"""
2269,"Steele, Sam","=""1:51.65""","=""6/14/2019"""
2270,"Walker, Jack","=""1:51.65""","=""8/3/2018"""
2272,"Bresette, Liam","=""1:51.66""","=""12/6/2019"""
2275,"D'Arrigo, Mitch","=""1:51.66""","=""3/9/2018"""
2287,"Litherland, Jay","=""1:51.67""","=""1/10/2019"""
2288,"Newkirk, Jeff","=""1:51.67""","=""6/4/2016"""
2290,"Shoults, Grant","=""1:51.67""","=""11/22/2019"""
2291,"Tenney, Michael","=""1:51.67""","=""7/19/2019"""
2292,"Abruzzo, Andrew","=""1:51.68""","=""5/17/2019"""
2296,"Fail, Brooks","=""1:51.68""","=""6/22/2019"""
2299,"Knowles, Eric","=""1:51.68""","=""6/14/2019"""
2300,"Lochte, Ryan","=""1:51.68""","=""4/8/2021"""
2308,"Loy, Drew","=""1:51.69""","=""6/3/2016"""
2312,"Theall, Mark","=""1:51.69""","=""10/18/2019"""
2319,"Levant, Jack","=""1:51.70""","=""8/11/2016"""
2325,"Grieshop, Sean","=""1:51.71""","=""5/13/2016"""
2326,"Hils, Zach","=""1:51.71""","=""7/6/2018"""
2335,"Haas, Townley","=""1:51.72""","=""5/20/2018"""
2336,"Harting, Zach","=""1:51.72""","=""7/7/2018"""
2337,"Malone, Reed","=""1:51.72""","=""4/11/2019"""
2344,"D'Arrigo, Mitch","=""1:51.73""","=""1/15/2021"""
2349,"Newkirk, Jeff","=""1:51.73""","=""4/27/2019"""
2350,"Paulson, Colton","=""1:51.73""","=""8/3/2017"""
2351,"Pebley, Jacob","=""1:51.73""","=""12/12/2020"""
2352,"Sammon, Patrick","=""1:51.73""","=""6/5/2021"""
2353,"Apple, Zach","=""1:51.74""","=""3/5/2021"""
2354,"Bentz, Gunnar","=""1:51.74""","=""4/14/2016"""
2359,"Walker, Jack","=""1:51.74""","=""8/3/2018"""
2372,"Jackson, Will","=""1:51.76""","=""6/5/2021"""
2377,"Stone, Lane","=""1:51.76""","=""8/11/2017"""
2378,"Wieser, Chris","=""1:51.76""","=""6/28/2017"""
2382,"Grothe, Zane","=""1:51.77""","=""1/15/2021"""
2383,"Haas, Townley","=""1:51.77""","=""4/21/2018"""
2387,"Stone, Lane","=""1:51.77""","=""6/27/2016"""
2394,"Callan, Patrick","=""1:51.78""","=""6/1/2018"""
2396,"Fail, Brooks","=""1:51.78""","=""5/26/2019"""
2399,"Katz, Austin","=""1:51.78""","=""6/21/2019"""
2405,"Foster, Carson","=""1:51.79""","=""6/22/2018"""
2407,"Higgins, Walker","=""1:51.79""","=""7/14/2017"""
2409,"Knowles, Eric","=""1:51.79""","=""12/6/2019"""
2420,"Lochte, Ryan","=""1:51.80""","=""6/4/2016"""
2423,"Pebley, Jacob","=""1:51.80""","=""3/3/2016"""
2425,"Stone, Lane","=""1:51.80""","=""6/1/2019"""
2426,"Wright, Jack","=""1:51.80""","=""6/5/2021"""
2427,"Wright, Jack","=""1:51.80""","=""4/11/2019"""
2431,"Smith, Clark","=""1:51.81""","=""8/1/2019"""
2432,"Steele, Sam","=""1:51.81""","=""6/28/2017"""
2435,"Wright, Jack","=""1:51.81""","=""5/14/2021"""
2439,"Grieshop, Sean","=""1:51.82""","=""5/24/2019"""
2441,"House, Grant","=""1:51.82""","=""5/18/2019"""
2444,"Shoults, Grant","=""1:51.82""","=""11/12/2015"""
2447,"Abruzzo, Andrew","=""1:51.83""","=""3/3/2016"""
2448,"DeVine, Abrahm","=""1:51.83""","=""8/9/2018"""
2449,"Grothe, Zane","=""1:51.83""","=""3/8/2019"""
2450,"McKeen, Sadler","=""1:51.83""","=""5/18/2018"""
2455,"Hils, Zach","=""1:51.84""","=""5/14/2021"""
2459,"Stewart, Sam","=""1:51.84""","=""6/22/2018"""
2461,"Brown, Zach","=""1:51.85""","=""7/12/2019"""
2465,"Hils, Zach","=""1:51.85""","=""6/21/2019"""
2469,"Magahey, Jake","=""1:51.85""","=""5/18/2018"""
2475,"DeVine, Abrahm","=""1:51.86""","=""12/12/2020"""
2476,"Gray, Andrew","=""1:51.86""","=""5/14/2021"""
2481,"Mitchell, Jake","=""1:51.86""","=""8/3/2018"""
2483,"Sannem, Jake","=""1:51.86""","=""7/14/2018"""
2484,"Shoults, Grant","=""1:51.86""","=""6/23/2018"""
2490,"Lochte, Ryan","=""1:51.87""","=""3/26/2021"""
2492,"Smith, Clark","=""1:51.87""","=""7/26/2018"""
2497,"Harting, Zach","=""1:51.88""","=""6/21/2018"""
2499,"Shoults, Grant","=""1:51.88""","=""5/21/2021"""
2503,"Kibler, Drew","=""1:51.89""","=""1/18/2019"""
2505,"Knowles, Eric","=""1:51.89""","=""6/22/2018"""
2506,"Litherland, Jay","=""1:51.89""","=""10/30/2015"""
2508,"Maurer, Luke","=""1:51.89""","=""8/9/2019"""
2512,"Abruzzo, Andrew","=""1:51.90""","=""5/17/2019"""
2515,"Bybee, Cody","=""1:51.90""","=""12/6/2019"""
2522,"Stone, Lane","=""1:51.90""","=""5/12/2017"""
2523,"Stone, Lane","=""1:51.90""","=""3/1/2020"""
2529,"Fail, Brooks","=""1:51.91""","=""7/28/2017"""
2530,"Higgins, Walker","=""1:51.91""","=""6/16/2018"""
2537,"Apple, Zach","=""1:51.92""","=""6/14/2019"""
2547,"Steele, Sam","=""1:51.92""","=""3/17/2016"""
2549,"Casas, Shaine","=""1:51.93""","=""6/21/2019"""
2556,"Waters, Ryan","=""1:51.93""","=""4/11/2019"""
2560,"Kibler, Drew","=""1:51.94""","=""5/21/2016"""
2569,"Theall, Mark","=""1:51.95""","=""6/21/2019"""
2570,"Wieser, Chris","=""1:51.95""","=""5/14/2021"""
2572,"D'Arrigo, Mitch","=""1:51.96""","=""12/6/2019"""
2574,"Dressel, Caeleb","=""1:51.96""","=""5/18/2018"""
2576,"Grieshop, Sean","=""1:51.96""","=""5/13/2016"""
2581,"Newkirk, Jeff","=""1:51.96""","=""7/13/2018"""
2584,"Callan, Patrick","=""1:51.97""","=""6/27/2016"""
2587,"Forst, Preston","=""1:51.97""","=""8/2/2018"""
2588,"Grieshop, Sean","=""1:51.97""","=""5/24/2019"""
2593,"Macmillan, Will","=""1:51.97""","=""11/22/2019"""
2597,"Smith, Kieran","=""1:51.97""","=""6/3/2017"""
2603,"Neri, Parker","=""1:51.98""","=""7/26/2018"""
2606,"Grieshop, Sean","=""1:51.99""","=""6/27/2016"""
2614,"Lasco, Destin","=""1:52.00""","=""5/14/2021"""
2616,"Litherland, Jay","=""1:52.00""","=""12/6/2019"""
2619,"Neri, Parker","=""1:52.00""","=""4/6/2019"""
2620,"Pieroni, Blake","=""1:52.00""","=""6/23/2018"""
2621,"Rose, Dare","=""1:52.00""","=""2/16/2020"""
2624,"Waters, Ryan","=""1:52.00""","=""6/5/2021"""
2626,"Yeadon, Zach","=""1:52.00""","=""7/13/2018"""
2628,"Callan, Patrick","=""1:52.01""","=""8/11/2016"""
2631,"Harting, Zach","=""1:52.01""","=""6/9/2016"""
2632,"Harting, Zach","=""1:52.01""","=""4/12/2018"""
2634,"Katz, Austin","=""1:52.01""","=""1/18/2019"""
2636,"Petrides, Michael","=""1:52.01""","=""8/4/2017"""
2639,"Davis, Wyatt","=""1:52.02""","=""5/18/2019"""
2640,"Haas, Townley","=""1:52.02""","=""3/5/2021"""
2641,"Hils, Zach","=""1:52.02""","=""8/3/2018"""
2659,"Zettle, Alex","=""1:52.04""","=""8/5/2016"""
2663,"Lochte, Ryan","=""1:52.05""","=""11/13/2020"""
2670,"Bybee, Cody","=""1:52.06""","=""6/22/2018"""
2675,"Miller, Luke","=""1:52.06""","=""6/13/2019"""
2676,"Petrides, Michael","=""1:52.06""","=""3/10/2017"""
2683,"McKeen, Sadler","=""1:52.07""","=""7/21/2017"""
2685,"Schilling, Sam","=""1:52.07""","=""6/27/2016"""
2687,"D'Arrigo, Mitch","=""1:52.08""","=""2/12/2021"""
2694,"Rose, Dare","=""1:52.08""","=""3/23/2018"""
2696,"Theall, Mark","=""1:52.08""","=""7/25/2018"""
2698,"Freeman, Trey","=""1:52.09""","=""1/14/2017"""
2701,"Newkirk, Jeff","=""1:52.09""","=""6/21/2019"""
2705,"Wright, Jack","=""1:52.09""","=""6/5/2021"""
2709,"Levant, Jack","=""1:52.10""","=""6/9/2017"""
2714,"Davis, Wyatt","=""1:52.11""","=""8/1/2019"""
2720,"Smith, Clark","=""1:52.11""","=""3/6/2020"""
2724,"Bresette, Liam","=""1:52.12""","=""4/14/2017"""
2725,"Bybee, Cody","=""1:52.12""","=""8/11/2016"""
2727,"Hill, Julian","=""1:52.12""","=""4/8/2018"""
2728,"Kalisz, Chase","=""1:52.12""","=""11/12/2015"""
2730,"Litherland, Jay","=""1:52.12""","=""11/30/2018"""
2739,"Haas, Townley","=""1:52.13""","=""1/15/2021"""
2740,"Miller, Luke","=""1:52.13""","=""11/13/2020"""
2743,"Sannem, Jake","=""1:52.13""","=""8/11/2016"""
2747,"Paulson, Colton","=""1:52.14""","=""7/26/2018"""
2748,"Rooney, Maxime","=""1:52.14""","=""6/8/2018"""
2749,"Delakis, Paul","=""1:52.15""","=""7/7/2018"""
2761,"DeVine, Abrahm","=""1:52.16""","=""2/8/2020"""
2762,"Grieshop, Sean","=""1:52.16""","=""6/22/2019"""
2764,"Hill, Julian","=""1:52.16""","=""5/24/2019"""
2768,"Sannem, Jake","=""1:52.16""","=""6/27/2016"""
2769,"Sztolcman, Christian","=""1:52.16""","=""8/3/2018"""
2772,"Bentz, Gunnar","=""1:52.17""","=""4/14/2016"""
2779,"Lasco, Destin","=""1:52.17""","=""12/6/2019"""
2791,"Forst, Preston","=""1:52.18""","=""8/1/2019"""
2793,"Higgins, Walker","=""1:52.18""","=""1/16/2016"""
2802,"Grieshop, Sean","=""1:52.19""","=""11/3/2015"""
2803,"Harting, Zach","=""1:52.19""","=""6/7/2018"""
2806,"Hils, Zach","=""1:52.19""","=""8/3/2018"""
2807,"House, Grant","=""1:52.19""","=""6/22/2019"""
2816,"Conger, Jack","=""1:52.20""","=""4/10/2021"""
2817,"D'Arrigo, Mitch","=""1:52.20""","=""6/1/2018"""
2820,"Macmillan, Will","=""1:52.20""","=""6/28/2017"""
2822,"Paulson, Colton","=""1:52.20""","=""7/10/2019"""
2832,"Sannem, Jake","=""1:52.21""","=""1/18/2019"""
2836,"Davis, Wyatt","=""1:52.22""","=""1/17/2020"""
2838,"Haas, Townley","=""1:52.22""","=""6/9/2017"""
2843,"Rose, Dare","=""1:52.22""","=""12/6/2019"""
2847,"Abruzzo, Andrew","=""1:52.23""","=""1/13/2018"""
2853,"Hils, Zach","=""1:52.23""","=""8/9/2019"""
2858,"Sannem, Jake","=""1:52.23""","=""1/15/2021"""
2864,"Knowles, Eric","=""1:52.24""","=""6/22/2018"""
2865,"Litherland, Jay","=""1:52.24""","=""11/13/2020"""
2867,"Abruzzo, Andrew","=""1:52.25""","=""6/28/2017"""
2876,"Dressel, Caeleb","=""1:52.26""","=""7/7/2018"""
2877,"Held, Ryan","=""1:52.26""","=""1/11/2018"""
2880,"Lasco, Destin","=""1:52.26""","=""4/11/2019"""
2890,"Grothe, Zane","=""1:52.27""","=""1/16/2016"""
2894,"Schilling, Sam","=""1:52.27""","=""8/11/2016"""
2896,"Bresette, Liam","=""1:52.28""","=""4/14/2017"""
2897,"Davis, Wyatt","=""1:52.28""","=""3/29/2019"""
2898,"Farris, Dean","=""1:52.28""","=""5/17/2019"""
2900,"Hauss, Graham","=""1:52.28""","=""8/3/2017"""
2905,"Reilman, Joey","=""1:52.28""","=""1/17/2020"""
2910,"Farris, Dean","=""1:52.29""","=""3/17/2016"""
2911,"Hoover, Sam","=""1:52.29""","=""6/21/2019"""
2915,"Petrides, Michael","=""1:52.29""","=""8/1/2019"""
2920,"Hill, Julian","=""1:52.30""","=""12/6/2019"""
2921,"House, Grant","=""1:52.30""","=""7/20/2017"""
2922,"House, Grant","=""1:52.30""","=""5/18/2018"""
2931,"Paulson, Colton","=""1:52.30""","=""11/13/2020"""
2933,"Abruzzo, Andrew","=""1:52.31""","=""5/27/2018"""
2952,"Wozencraft, Cooper","=""1:52.32""","=""7/19/2019"""
2962,"Dolan, Jack","=""1:52.34""","=""7/18/2019"""
2963,"Fail, Brooks","=""1:52.34""","=""6/28/2017"""
2965,"Hill, Julian","=""1:52.34""","=""12/6/2019"""
2967,"Katz, Austin","=""1:52.34""","=""6/22/2018"""
2968,"Katz, Austin","=""1:52.34""","=""6/21/2019"""
2970,"Lasco, Destin","=""1:52.34""","=""8/11/2017"""
2971,"Lasco, Destin","=""1:52.34""","=""11/30/2018"""
2972,"Newkirk, Jeff","=""1:52.34""","=""5/21/2017"""
2973,"Newkirk, Jeff","=""1:52.34""","=""11/8/2019"""
2974,"Sammon, Patrick","=""1:52.34""","=""4/30/2021"""
2977,"Bybee, Cody","=""1:52.35""","=""6/27/2016"""
2981,"Harting, Zach","=""1:52.35""","=""4/12/2018"""
2982,"Higgins, Walker","=""1:52.35""","=""5/18/2018"""
2985,"Steele, Sam","=""1:52.35""","=""6/14/2019"""
2991,"Loy, Drew","=""1:52.36""","=""2/12/2021"""
3004,"Lasco, Destin","=""1:52.37""","=""12/6/2019"""
3007,"Smith, Clark","=""1:52.37""","=""6/8/2018"""
3009,"Abruzzo, Andrew","=""1:52.38""","=""12/6/2019"""
3012,"Farris, Dean","=""1:52.38""","=""11/8/2019"""
3016,"Litherland, Jay","=""1:52.38""","=""1/15/2021"""
3017,"Mitchell, Jake","=""1:52.38""","=""1/17/2020"""
3030,"Lochte, Ryan","=""1:52.39""","=""5/18/2018"""
3031,"Rose, Dare","=""1:52.39""","=""3/23/2018"""
3033,"Stone, Lane","=""1:52.39""","=""1/14/2017"""
3034,"Thornbrue, Luke","=""1:52.39""","=""8/3/2018"""
3040,"Kibler, Drew","=""1:52.40""","=""5/20/2017"""
3041,"Litherland, Jay","=""1:52.40""","=""1/15/2021"""
3045,"Paulson, Colton","=""1:52.40""","=""7/10/2019"""
3050,"Dressel, Caeleb","=""1:52.41""","=""6/1/2018"""
3052,"Hils, Zach","=""1:52.41""","=""7/12/2019"""
3056,"Manoff, Blake","=""1:52.41""","=""4/30/2021"""
3057,"Pebley, Jacob","=""1:52.41""","=""3/3/2016"""
3058,"Reilman, Joey","=""1:52.41""","=""7/6/2018"""
3064,"Hils, Zach","=""1:52.42""","=""8/11/2017"""
3069,"Wieser, Chris","=""1:52.42""","=""7/14/2016"""
3072,"Farris, Dean","=""1:52.43""","=""6/8/2018"""
3074,"Litherland, Jay","=""1:52.43""","=""3/5/2021"""
3075,"Loy, Drew","=""1:52.43""","=""3/5/2021"""
3081,"Zettle, Alex","=""1:52.43""","=""6/21/2019"""
3083,"Bentz, Gunnar","=""1:52.44""","=""6/21/2019"""
3096,"Freeman, Trey","=""1:52.45""","=""4/30/2021"""
3098,"Hils, Zach","=""1:52.45""","=""6/21/2019"""
3102,"Malone, Reed","=""1:52.45""","=""11/21/2015"""
3103,"Maurer, Luke","=""1:52.45""","=""5/21/2021"""
3105,"Stone, Lane","=""1:52.45""","=""5/19/2018"""
3106,"Stone, Lane","=""1:52.45""","=""5/12/2017"""
3114,"Litherland, Jay","=""1:52.46""","=""11/8/2019"""
3122,"Bybee, Cody","=""1:52.47""","=""7/7/2018"""
3124,"Dolan, Jack","=""1:52.47""","=""8/3/2017"""
3127,"Knowles, Eric","=""1:52.47""","=""5/18/2019"""
3136,"Apple, Zach","=""1:52.48""","=""5/12/2017"""
3148,"Kalisz, Chase","=""1:52.49""","=""1/16/2016"""
3150,"Macmillan, Will","=""1:52.49""","=""7/13/2019"""
3151,"Matejka, Andrew","=""1:52.49""","=""5/21/2021"""
3160,"Grieshop, Sean","=""1:52.50""","=""2/27/2016"""
3162,"Neri, Parker","=""1:52.50""","=""7/12/2019"""
3164,"Wieser, Chris","=""1:52.50""","=""6/2/2017"""
3167,"Forst, Preston","=""1:52.51""","=""8/2/2018"""
3168,"Freeman, Trey","=""1:52.51""","=""6/4/2016"""
3177,"Urlando, Luca","=""1:52.51""","=""7/15/2018"""
3180,"DeVine, Abrahm","=""1:52.52""","=""1/18/2020"""
3184,"Newkirk, Jeff","=""1:52.52""","=""1/15/2021"""
3188,"Yeadon, Zach","=""1:52.52""","=""5/14/2021"""
3189,"Bybee, Cody","=""1:52.53""","=""5/18/2019"""
3192,"Carrozza, Coby","=""1:52.53""","=""8/3/2018"""
3194,"Freeman, Trey","=""1:52.53""","=""7/22/2016"""
3195,"Grieshop, Sean","=""1:52.53""","=""6/28/2017"""
3197,"Held, Ryan","=""1:52.53""","=""7/7/2018"""
3221,"Gray, Andrew","=""1:52.55""","=""8/8/2019"""
3222,"Haas, Townley","=""1:52.55""","=""4/24/2021"""
3224,"Levant, Jack","=""1:52.55""","=""8/11/2016"""
3225,"Rooney, Maxime","=""1:52.55""","=""7/17/2016"""
3227,"Walker, Jack","=""1:52.55""","=""7/26/2018"""
3228,"Abruzzo, Andrew","=""1:52.56""","=""6/27/2016"""
3230,"Carrozza, Coby","=""1:52.56""","=""8/3/2018"""
3232,"Gately, Liam","=""1:52.56""","=""6/14/2019"""
3233,"Harting, Zach","=""1:52.56""","=""6/10/2016"""
3239,"Malone, Reed","=""1:52.56""","=""5/27/2016"""
3242,"Reilman, Joey","=""1:52.56""","=""7/10/2019"""
3246,"D'Arrigo, Mitch","=""1:52.57""","=""11/21/2015"""
3247,"Dahlgren, Jack","=""1:52.57""","=""1/15/2021"""
3266,"Fenlon, Matthew","=""1:52.58""","=""7/5/2019"""
3276,"Smith, Clark","=""1:52.58""","=""3/2/2018"""
3280,"Callan, Patrick","=""1:52.59""","=""7/21/2016"""
3281,"Carrozza, Coby","=""1:52.59""","=""1/18/2019"""
3282,"D'Arrigo, Mitch","=""1:52.59""","=""4/30/2021"""
3288,"Schilling, Sam","=""1:52.59""","=""8/11/2016"""
3293,"Bresette, Liam","=""1:52.60""","=""6/16/2016"""
3300,"Macmillan, Will","=""1:52.60""","=""3/4/2016"""
3306,"Zettle, Alex","=""1:52.60""","=""6/21/2019"""
3308,"Apple, Zach","=""1:52.61""","=""5/26/2017"""
3315,"Lasco, Destin","=""1:52.61""","=""1/10/2020"""
3319,"Stone, Lane","=""1:52.61""","=""3/17/2016"""
3329,"Thornbrue, Luke","=""1:52.62""","=""8/11/2017"""
3330,"Wieser, Chris","=""1:52.62""","=""5/29/2016"""
3335,"Higgins, Walker","=""1:52.63""","=""6/16/2019"""
3339,"Knowles, Eric","=""1:52.63""","=""8/3/2017"""
3357,"Schilling, Sam","=""1:52.64""","=""3/18/2016"""
3358,"Smith, Kieran","=""1:52.64""","=""6/3/2017"""
3370,"Apple, Zach","=""1:52.66""","=""6/8/2018"""
3373,"Hoover, Sam","=""1:52.66""","=""1/17/2020"""
3376,"Maurer, Luke","=""1:52.66""","=""8/9/2019"""
3378,"Steele, Sam","=""1:52.66""","=""6/17/2016"""
3386,"Hobson, Luke","=""1:52.67""","=""3/11/2021"""
3391,"Macmillan, Will","=""1:52.67""","=""7/13/2019"""
3393,"Neri, Parker","=""1:52.67""","=""3/3/2017"""
3396,"Stewart, Sam","=""1:52.67""","=""4/10/2021"""
3401,"Foster, Carson","=""1:52.68""","=""1/11/2018"""
3402,"Grieshop, Sean","=""1:52.68""","=""7/29/2017"""
3403,"Grothe, Zane","=""1:52.68""","=""6/3/2017"""
3404,"Hobson, Luke","=""1:52.68""","=""11/13/2020"""
3411,"Sztolcman, Christian","=""1:52.68""","=""1/4/2020"""
3416,"Dahlgren, Jack","=""1:52.69""","=""6/14/2019"""
3423,"Mahaffey, Dakota","=""1:52.69""","=""8/5/2017"""
3431,"Newkirk, Jeff","=""1:52.70""","=""6/4/2016"""
3437,"D'Arrigo, Mitch","=""1:52.71""","=""10/16/2015"""
3438,"Farris, Dean","=""1:52.71""","=""6/3/2017"""
3439,"Grieshop, Sean","=""1:52.71""","=""4/24/2021"""
3442,"Lasco, Destin","=""1:52.71""","=""7/26/2018"""
3445,"Neri, Parker","=""1:52.71""","=""7/7/2018"""
3448,"Wright, Jack","=""1:52.71""","=""8/2/2018"""
3456,"Matejka, Andrew","=""1:52.72""","=""11/22/2019"""
3459,"Rooney, Maxime","=""1:52.72""","=""5/18/2018"""
3460,"Stone, Lane","=""1:52.72""","=""1/16/2016"""
3461,"Tenney, Michael","=""1:52.72""","=""7/21/2017"""
3476,"Zettle, Alex","=""1:52.73""","=""7/12/2019"""
3478,"Dolan, Jack","=""1:52.74""","=""1/30/2021"""
3486,"Tenney, Michael","=""1:52.74""","=""4/8/2021"""
3494,"Kibler, Drew","=""1:52.75""","=""5/18/2018"""
3495,"Macmillan, Will","=""1:52.75""","=""8/11/2016"""
3500,"Hauss, Graham","=""1:52.76""","=""8/11/2016"""
3501,"Lasco, Destin","=""1:52.76""","=""7/12/2019"""
3504,"Theall, Mark","=""1:52.76""","=""1/15/2021"""
3510,"Kibler, Drew","=""1:52.77""","=""6/3/2017"""
3511,"Loy, Drew","=""1:52.77""","=""3/5/2021"""
3527,"Rose, Dare","=""1:52.78""","=""5/25/2019"""
3530,"Abruzzo, Andrew","=""1:52.79""","=""5/28/2017"""
3542,"Sannem, Jake","=""1:52.79""","=""4/1/2016"""
3548,"Bentz, Gunnar","=""1:52.80""","=""5/18/2018"""
3551,"Casas, Shaine","=""1:52.80""","=""8/11/2017"""
3559,"Sannem, Jake","=""1:52.80""","=""12/13/2015"""
3565,"Dahlgren, Jack","=""1:52.81""","=""6/24/2018"""
3566,"DeVine, Abrahm","=""1:52.81""","=""1/18/2020"""
3567,"Dressel, Caeleb","=""1:52.81""","=""5/13/2016"""
3568,"Lasco, Destin","=""1:52.81""","=""11/30/2018"""
3570,"Miller, Luke","=""1:52.81""","=""6/5/2021"""
3571,"Paulson, Colton","=""1:52.81""","=""6/14/2019"""
3578,"DeVine, Abrahm","=""1:52.82""","=""4/8/2021"""
3580,"Hils, Zach","=""1:52.82""","=""6/23/2017"""
3587,"Newkirk, Jeff","=""1:52.82""","=""4/21/2018"""
3590,"Wright, Jack","=""1:52.82""","=""8/3/2017"""
3591,"Apple, Zach","=""1:52.83""","=""5/14/2021"""
3592,"Bresette, Liam","=""1:52.83""","=""6/28/2017"""
3593,"Carrozza, Coby","=""1:52.83""","=""6/21/2019"""
3597,"Harting, Zach","=""1:52.83""","=""6/3/2017"""
3600,"Loy, Drew","=""1:52.83""","=""3/26/2021"""
3605,"Walker, Jack","=""1:52.83""","=""11/30/2018"""
3606,"Wright, Jack","=""1:52.83""","=""3/23/2018"""
3608,"Conger, Jack","=""1:52.84""","=""6/22/2018"""
3612,"Hils, Zach","=""1:52.84""","=""8/11/2017"""
3620,"Stone, Lane","=""1:52.84""","=""6/23/2018"""
3627,"Dahlgren, Jack","=""1:52.85""","=""5/14/2021"""
3630,"Higgins, Walker","=""1:52.85""","=""1/16/2016"""
3639,"Thornbrue, Luke","=""1:52.85""","=""8/1/2019"""
3645,"Davis, Wyatt","=""1:52.86""","=""6/14/2019"""
3647,"Harting, Zach","=""1:52.86""","=""6/5/2016"""
3648,"Julian, Trenton","=""1:52.86""","=""8/11/2016"""
3654,"Casas, Shaine","=""1:52.87""","=""7/13/2018"""
3658,"Fenlon, Matthew","=""1:52.87""","=""11/8/2019"""
3673,"House, Grant","=""1:52.88""","=""7/29/2016"""
3676,"Kibler, Drew","=""1:52.88""","=""6/21/2019"""
3678,"Lochte, Ryan","=""1:52.88""","=""5/14/2021"""
3681,"Wieser, Chris","=""1:52.88""","=""6/13/2019"""
3683,"Zettle, Alex","=""1:52.88""","=""7/12/2019"""
3686,"DeVine, Abrahm","=""1:52.89""","=""6/23/2018"""
3688,"Gately, Liam","=""1:52.89""","=""5/18/2018"""
3696,"Rose, Dare","=""1:52.89""","=""3/29/2019"""
3700,"Yeadon, Zach","=""1:52.89""","=""5/26/2019"""
3701,"Zettle, Alex","=""1:52.89""","=""1/14/2017"""
3704,"Bybee, Cody","=""1:52.90""","=""2/28/2016"""
3708,"Hauss, Graham","=""1:52.90""","=""11/30/2018"""
3709,"Higgins, Walker","=""1:52.90""","=""3/4/2016"""
3710,"Hils, Zach","=""1:52.90""","=""7/14/2017"""
3716,"Rooney, Maxime","=""1:52.90""","=""6/1/2018"""
3717,"Stone, Lane","=""1:52.90""","=""6/1/2019"""
3731,"Hoover, Sam","=""1:52.91""","=""4/10/2021"""
3744,"D'Arrigo, Mitch","=""1:52.92""","=""5/17/2019"""
3753,"Matejka, Andrew","=""1:52.92""","=""8/3/2018"""
3754,"Reilman, Joey","=""1:52.92""","=""6/16/2018"""
3756,"Stone, Lane","=""1:52.92""","=""1/14/2017"""
3760,"Urlando, Luca","=""1:52.92""","=""6/1/2018"""
3763,"Bentz, Gunnar","=""1:52.93""","=""3/8/2019"""
3765,"Knowles, Eric","=""1:52.93""","=""5/18/2019"""
3767,"Wieser, Chris","=""1:52.93""","=""3/5/2021"""
3772,"Jett, Gabriel","=""1:52.94""","=""2/29/2020"""
3773,"Manoff, Blake","=""1:52.94""","=""8/3/2017"""
3774,"Neri, Parker","=""1:52.94""","=""6/22/2018"""
3781,"D'Arrigo, Mitch","=""1:52.95""","=""5/12/2017"""
3792,"Davis, Wyatt","=""1:52.96""","=""7/27/2018"""
3795,"Hauss, Graham","=""1:52.96""","=""11/30/2018"""
3796,"Knowles, Eric","=""1:52.96""","=""8/3/2017"""
3799,"Neri, Parker","=""1:52.96""","=""7/20/2017"""
3803,"Apple, Zach","=""1:52.97""","=""5/13/2016"""
3808,"Gately, Liam","=""1:52.97""","=""5/24/2019"""
3809,"Higgins, Walker","=""1:52.97""","=""5/17/2019"""
3827,"Hauss, Graham","=""1:52.98""","=""8/3/2017"""
3831,"Katz, Austin","=""1:52.98""","=""12/4/2015"""
3834,"Neri, Parker","=""1:52.98""","=""7/7/2018"""
3836,"Schilling, Sam","=""1:52.98""","=""6/14/2019"""
3837,"Shoults, Grant","=""1:52.98""","=""4/29/2017"""
3850,"Steele, Sam","=""1:52.99""","=""6/27/2016"""
3857,"Higgins, Walker","=""1:53.00""","=""6/4/2016"""
3862,"Waters, Ryan","=""1:53.00""","=""4/11/2019"""
3865,"Delakis, Paul","=""1:53.01""","=""11/22/2019"""
3866,"Farris, Dean","=""1:53.01""","=""5/18/2018"""
3870,"Harting, Zach","=""1:53.01""","=""6/21/2018"""
3871,"Harting, Zach","=""1:53.01""","=""5/6/2017"""
3877,"Walker, Jack","=""1:53.01""","=""3/2/2018"""
3882,"Carrozza, Coby","=""1:53.02""","=""6/21/2019"""
3888,"Harting, Zach","=""1:53.02""","=""5/18/2019"""
3890,"Katz, Austin","=""1:53.02""","=""1/15/2021"""
3899,"Zettle, Alex","=""1:53.02""","=""1/14/2017"""
3901,"Apple, Zach","=""1:53.03""","=""1/15/2021"""
3903,"Bybee, Cody","=""1:53.03""","=""6/22/2018"""
3905,"Dolan, Jack","=""1:53.03""","=""8/5/2016"""
3906,"Harting, Zach","=""1:53.03""","=""6/14/2019"""
3921,"House, Grant","=""1:53.04""","=""5/18/2018"""
3938,"Shoults, Grant","=""1:53.05""","=""6/3/2017"""
3956,"Higgins, Walker","=""1:53.07""","=""5/18/2018"""
3958,"Loy, Drew","=""1:53.07""","=""8/5/2017"""
3961,"Thornbrue, Luke","=""1:53.07""","=""8/11/2017"""
3969,"Malone, Reed","=""1:53.08""","=""4/11/2019"""
3972,"Rooney, Maxime","=""1:53.08""","=""7/16/2017"""
3980,"Bresette, Liam","=""1:53.09""","=""7/7/2018"""
3981,"Bresette, Liam","=""1:53.09""","=""1/30/2021"""
3984,"Hill, Julian","=""1:53.09""","=""8/4/2017"""
3988,"Matejka, Andrew","=""1:53.09""","=""7/14/2017"""
3989,"Petrides, Michael","=""1:53.09""","=""7/14/2017"""
3990,"Petrides, Michael","=""1:53.09""","=""6/5/2021"""
3991,"Sztolcman, Christian","=""1:53.09""","=""7/5/2019"""
3997,"Grieshop, Sean","=""1:53.10""","=""11/21/2020"""
3998,"Haas, Townley","=""1:53.10""","=""1/18/2019"""
4007,"Bresette, Liam","=""1:53.11""","=""3/31/2017"""
4008,"Casas, Shaine","=""1:53.11""","=""7/12/2019"""
4013,"Farris, Dean","=""1:53.11""","=""3/5/2021"""
4014,"Harting, Zach","=""1:53.11""","=""5/18/2018"""
4018,"Kalisz, Chase","=""1:53.11""","=""11/12/2015"""
4019,"Levant, Jack","=""1:53.11""","=""6/9/2017"""
4026,"Farris, Dean","=""1:53.12""","=""3/5/2021"""
4027,"Grieshop, Sean","=""1:53.12""","=""4/14/2016"""
4045,"Schilling, Sam","=""1:53.13""","=""6/24/2018"""
4046,"Wieser, Chris","=""1:53.13""","=""4/8/2021"""
4050,"Lasco, Destin","=""1:53.14""","=""7/14/2017"""
4053,"Newmark, Jake","=""1:53.14""","=""7/19/2019"""
4055,"Paulson, Colton","=""1:53.14""","=""6/14/2019"""
4056,"Pieroni, Blake","=""1:53.14""","=""9/9/2018"""
4058,"Walker, Jack","=""1:53.14""","=""11/30/2018"""
4063,"Bresette, Liam","=""1:53.15""","=""6/18/2016"""
4066,"Dolan, Jack","=""1:53.15""","=""7/21/2016"""
4071,"Hill, Julian","=""1:53.15""","=""7/12/2019"""
4083,"Auchinachie, Cameron","=""1:53.16""","=""6/22/2019"""
4094,"Harting, Zach","=""1:53.16""","=""4/14/2017"""
4095,"Hauss, Graham","=""1:53.16""","=""6/5/2021"""
4103,"Davis, Wyatt","=""1:53.17""","=""5/18/2019"""
4104,"Farris, Dean","=""1:53.17""","=""6/22/2018"""
4106,"Grieshop, Sean","=""1:53.17""","=""6/9/2017"""
4117,"Davis, Wyatt","=""1:53.18""","=""8/11/2017"""
4128,"Apple, Zach","=""1:53.19""","=""1/15/2021"""
4131,"Foster, Carson","=""1:53.19""","=""6/4/2017"""
4132,"Jackson, Will","=""1:53.19""","=""5/14/2021"""
4140,"Auchinachie, Cameron","=""1:53.20""","=""7/26/2018"""
4145,"Dolan, Jack","=""1:53.20""","=""1/11/2018"""
4146,"Fenlon, Matthew","=""1:53.20""","=""5/25/2019"""
4147,"Gately, Liam","=""1:53.20""","=""5/18/2018"""
4149,"Kibler, Drew","=""1:53.20""","=""3/13/2016"""
4156,"Sztolcman, Christian","=""1:53.20""","=""5/28/2017"""
4158,"Bresette, Liam","=""1:53.21""","=""6/3/2017"""
4166,"Harting, Zach","=""1:53.21""","=""6/7/2018"""
4169,"Lasco, Destin","=""1:53.21""","=""1/18/2019"""
4172,"Wright, Jack","=""1:53.21""","=""5/14/2021"""
4179,"Fail, Brooks","=""1:53.22""","=""7/28/2017"""
4181,"Julian, Trenton","=""1:53.22""","=""8/3/2017"""
4183,"Magahey, Jake","=""1:53.22""","=""7/14/2017"""
4186,"Rose, Dare","=""1:53.22""","=""4/24/2021"""
4192,"House, Grant","=""1:53.23""","=""6/4/2017"""
4194,"Knowles, Eric","=""1:53.23""","=""8/11/2016"""
4206,"Jackson, Will","=""1:53.24""","=""12/10/2019"""
4220,"Newmark, Jake","=""1:53.25""","=""2/14/2020"""
4221,"Petrides, Michael","=""1:53.25""","=""7/26/2018"""
4222,"Pieroni, Blake","=""1:53.25""","=""8/10/2019"""
4227,"Yeadon, Zach","=""1:53.25""","=""6/28/2017"""
4230,"Bresette, Liam","=""1:53.26""","=""4/27/2019"""
4233,"D'Arrigo, Mitch","=""1:53.26""","=""1/23/2016"""
4234,"Dolan, Jack","=""1:53.26""","=""7/12/2018"""
4238,"Reilman, Joey","=""1:53.26""","=""6/17/2017"""
4239,"Smith, Kieran","=""1:53.26""","=""8/11/2016"""
4248,"Harting, Zach","=""1:53.27""","=""1/11/2018"""
4276,"Freeman, Trey","=""1:53.29""","=""6/4/2016"""
4290,"Bresette, Liam","=""1:53.30""","=""3/4/2016"""
4297,"Levant, Jack","=""1:53.30""","=""8/1/2019"""
4300,"Malone, Reed","=""1:53.30""","=""4/30/2016"""
4302,"Rose, Dare","=""1:53.30""","=""8/11/2017"""
4308,"Apple, Zach","=""1:53.31""","=""6/4/2016"""
4311,"Dahlgren, Jack","=""1:53.31""","=""1/15/2021"""
4312,"Gately, Liam","=""1:53.31""","=""8/5/2017"""
4316,"Matejka, Andrew","=""1:53.31""","=""8/11/2017"""
4323,"Higgins, Walker","=""1:53.32""","=""6/3/2017"""
4329,"Reilman, Joey","=""1:53.32""","=""3/6/2020"""
4330,"Rooney, Maxime","=""1:53.32""","=""10/21/2016"""
4331,"Sannem, Jake","=""1:53.32""","=""5/21/2016"""
4346,"Tenney, Michael","=""1:53.33""","=""7/19/2019"""
4351,"Hauss, Graham","=""1:53.34""","=""7/26/2018"""
4364,"Steele, Sam","=""1:53.34""","=""7/28/2017"""
4368,"Dolan, Jack","=""1:53.35""","=""8/11/2016"""
4370,"Julian, Trenton","=""1:53.35""","=""4/30/2016"""
4372,"Macmillan, Will","=""1:53.35""","=""8/11/2016"""
4396,"Loy, Drew","=""1:53.37""","=""6/27/2016"""
4397,"Newkirk, Jeff","=""1:53.37""","=""6/8/2018"""
4424,"Walker, Jack","=""1:53.38""","=""8/11/2017"""
4428,"Farris, Dean","=""1:53.39""","=""7/14/2017"""
4433,"Neri, Parker","=""1:53.39""","=""11/8/2019"""
4435,"Rose, Dare","=""1:53.39""","=""8/11/2017"""
4444,"Conger, Jack","=""1:53.40""","=""6/9/2017"""
4445,"D'Arrigo, Mitch","=""1:53.40""","=""10/30/2015"""
4452,"Newkirk, Jeff","=""1:53.40""","=""6/22/2018"""
4460,"Callan, Patrick","=""1:53.41""","=""6/3/2016"""
4464,"Hill, Julian","=""1:53.41""","=""6/8/2018"""
4466,"Manoff, Blake","=""1:53.41""","=""8/3/2017"""
4470,"Wieser, Chris","=""1:53.41""","=""3/6/2020"""
4472,"Dressel, Caeleb","=""1:53.42""","=""7/7/2018"""
4473,"Fail, Brooks","=""1:53.42""","=""6/8/2018"""
4479,"Levant, Jack","=""1:53.42""","=""6/4/2016"""
4488,"Tenney, Michael","=""1:53.42""","=""8/5/2017"""
4492,"Foster, Carson","=""1:53.43""","=""7/20/2017"""
4494,"Gately, Liam","=""1:53.43""","=""6/14/2019"""
4496,"Harting, Zach","=""1:53.43""","=""1/11/2018"""
4497,"Hoover, Sam","=""1:53.43""","=""1/17/2020"""
4503,"Auchinachie, Cameron","=""1:53.44""","=""6/22/2019"""
4511,"Held, Ryan","=""1:53.44""","=""1/14/2017"""
4513,"Manoff, Blake","=""1:53.44""","=""5/5/2018"""
4514,"Matejka, Andrew","=""1:53.44""","=""8/5/2017"""
4515,"Paulson, Colton","=""1:53.44""","=""7/14/2017"""
4523,"Davis, Wyatt","=""1:53.45""","=""3/31/2017"""
4525,"Grothe, Zane","=""1:53.45""","=""2/19/2016"""
4532,"Carrozza, Coby","=""1:53.46""","=""5/26/2019"""
4536,"Hauss, Graham","=""1:53.46""","=""3/17/2016"""
4554,"Reilman, Joey","=""1:53.47""","=""7/6/2018"""
4558,"Zettle, Alex","=""1:53.47""","=""8/5/2016"""
4565,"Farris, Dean","=""1:53.48""","=""1/15/2021"""
4567,"Hils, Zach","=""1:53.48""","=""7/12/2019"""
4571,"Stone, Lane","=""1:53.48""","=""1/16/2016"""
4575,"Bresette, Liam","=""1:53.49""","=""6/18/2016"""
4576,"Gray, Andrew","=""1:53.49""","=""8/8/2019"""
4579,"Mahaffey, Dakota","=""1:53.49""","=""7/12/2019"""
4582,"Schilling, Sam","=""1:53.49""","=""6/3/2016"""
4593,"Loy, Drew","=""1:53.50""","=""5/14/2021"""
4595,"Matejka, Andrew","=""1:53.50""","=""8/3/2018"""
4596,"Maurer, Luke","=""1:53.50""","=""7/12/2019"""
4604,"Apple, Zach","=""1:53.51""","=""5/13/2016"""
4621,"Abruzzo, Andrew","=""1:53.52""","=""3/3/2016"""
4623,"Bentz, Gunnar","=""1:53.52""","=""1/15/2021"""
4625,"Carrozza, Coby","=""1:53.52""","=""7/13/2018"""
4626,"Delakis, Paul","=""1:53.52""","=""8/4/2017"""
4643,"Dolan, Jack","=""1:53.53""","=""5/31/2019"""
4648,"Wright, Jack","=""1:53.53""","=""11/13/2020"""
4662,"Rose, Dare","=""1:53.54""","=""10/26/2019"""
4668,"D'Arrigo, Mitch","=""1:53.55""","=""5/18/2018"""
4674,"Hoover, Sam","=""1:53.55""","=""6/21/2019"""
4677,"Knowles, Eric","=""1:53.55""","=""5/15/2021"""
4690,"Maurer, Luke","=""1:53.56""","=""7/12/2019"""
4706,"Malone, Reed","=""1:53.57""","=""2/21/2016"""
4716,"Bresette, Liam","=""1:53.58""","=""6/3/2017"""
4718,"Dolan, Jack","=""1:53.58""","=""7/15/2017"""
4720,"Haas, Townley","=""1:53.58""","=""5/13/2016"""
4722,"Jett, Gabriel","=""1:53.58""","=""12/6/2019"""
4723,"Loy, Drew","=""1:53.58""","=""6/3/2018"""
4729,"Sannem, Jake","=""1:53.58""","=""1/15/2021"""
4733,"Zettle, Alex","=""1:53.58""","=""1/18/2019"""
4736,"Fail, Brooks","=""1:53.59""","=""4/1/2016"""
4737,"Fenlon, Matthew","=""1:53.59""","=""8/1/2019"""
4741,"Wieser, Chris","=""1:53.59""","=""11/13/2020"""
4750,"Macmillan, Will","=""1:53.60""","=""3/4/2016"""
4762,"Hauss, Graham","=""1:53.61""","=""5/24/2019"""
4763,"Higgins, Walker","=""1:53.61""","=""6/16/2018"""
4764,"Hils, Zach","=""1:53.61""","=""7/6/2018"""
4772,"Gately, Liam","=""1:53.62""","=""6/23/2018"""
4798,"Reilman, Joey","=""1:53.63""","=""11/3/2015"""
4804,"Jett, Gabriel","=""1:53.64""","=""11/13/2020"""
4811,"Steele, Sam","=""1:53.64""","=""6/7/2018"""
4812,"Theall, Mark","=""1:53.64""","=""6/21/2019"""
4828,"Forst, Preston","=""1:53.66""","=""6/29/2019"""
4829,"Grieshop, Sean","=""1:53.66""","=""6/8/2018"""
4831,"Lamastra, Connor","=""1:53.66""","=""7/28/2018"""
4834,"Schilling, Sam","=""1:53.66""","=""9/26/2020"""
4837,"Tenney, Michael","=""1:53.66""","=""7/20/2018"""
4841,"Bresette, Liam","=""1:53.67""","=""8/11/2016"""
4843,"Conger, Jack","=""1:53.67""","=""4/30/2021"""
4845,"Hill, Julian","=""1:53.67""","=""8/4/2017"""
4858,"Casas, Shaine","=""1:53.68""","=""7/7/2017"""
4871,"Pieroni, Blake","=""1:53.68""","=""6/3/2017"""
4885,"Paulson, Colton","=""1:53.69""","=""8/5/2016"""
4890,"Walker, Jack","=""1:53.69""","=""8/11/2017"""
4892,"Zettle, Alex","=""1:53.69""","=""4/27/2019"""
4906,"Stewart, Sam","=""1:53.70""","=""3/5/2021"""
4907,"Stone, Lane","=""1:53.70""","=""5/28/2016"""
4908,"Yeadon, Zach","=""1:53.70""","=""6/21/2019"""
4911,"Dolan, Jack","=""1:53.71""","=""7/18/2019"""
4914,"Fail, Brooks","=""1:53.71""","=""6/2/2017"""
4915,"Gately, Liam","=""1:53.71""","=""8/5/2017"""
4917,"Knowles, Eric","=""1:53.71""","=""5/21/2016"""
4919,"Loy, Drew","=""1:53.71""","=""5/15/2021"""
4921,"Reilman, Joey","=""1:53.71""","=""3/6/2020"""
4943,"Freeman, Trey","=""1:53.73""","=""7/22/2016"""
4946,"Maurer, Luke","=""1:53.73""","=""8/3/2018"""
4950,"Rooney, Maxime","=""1:53.73""","=""7/16/2017"""
4953,"Urlando, Luca","=""1:53.73""","=""7/15/2018"""
4957,"Matejka, Andrew","=""1:53.74""","=""4/8/2018"""
4960,"Petrides, Michael","=""1:53.74""","=""4/24/2021"""
4988,"Levant, Jack","=""1:53.76""","=""1/16/2016"""
4992,"Steele, Sam","=""1:53.76""","=""4/29/2018"""
5001,"D'Arrigo, Mitch","=""1:53.77""","=""4/30/2021"""
5004,"Harting, Zach","=""1:53.77""","=""4/14/2017"""
5007,"Julian, Trenton","=""1:53.77""","=""6/8/2018"""
5011,"Matejka, Andrew","=""1:53.77""","=""8/5/2017"""
5013,"Paulson, Colton","=""1:53.77""","=""5/18/2019"""
5020,"Davis, Wyatt","=""1:53.78""","=""3/3/2017"""
5023,"Gately, Liam","=""1:53.78""","=""6/5/2021"""
5024,"Grothe, Zane","=""1:53.78""","=""4/8/2021"""
5036,"Apple, Zach","=""1:53.79""","=""5/18/2018"""
5038,"Freeman, Trey","=""1:53.79""","=""6/2/2018"""
5039,"Hill, Julian","=""1:53.79""","=""3/9/2018"""
5040,"Hill, Julian","=""1:53.79""","=""3/8/2019"""
5052,"Abruzzo, Andrew","=""1:53.80""","=""1/13/2018"""
5060,"Davis, Wyatt","=""1:53.80""","=""6/14/2019"""
5064,"Grieshop, Sean","=""1:53.80""","=""4/14/2017"""
5072,"Neri, Parker","=""1:53.80""","=""6/21/2019"""
5078,"Thornbrue, Luke","=""1:53.80""","=""6/22/2018"""
5091,"Reilman, Joey","=""1:53.81""","=""7/10/2019"""
5093,"Abruzzo, Andrew","=""1:53.82""","=""5/29/2016"""
5101,"Lasco, Destin","=""1:53.82""","=""1/10/2020"""
5114,"Fail, Brooks","=""1:53.83""","=""8/5/2016"""
5122,"Hils, Zach","=""1:53.83""","=""4/24/2021"""
5127,"Paulson, Colton","=""1:53.83""","=""7/14/2017"""
5131,"Tenney, Michael","=""1:53.83""","=""5/28/2021"""
5137,"Brown, Zach","=""1:53.84""","=""12/6/2019"""
5146,"Macmillan, Will","=""1:53.84""","=""5/22/2016"""
5153,"Bresette, Liam","=""1:53.85""","=""8/11/2016"""
5158,"Fail, Brooks","=""1:53.85""","=""12/4/2015"""
5172,"Rooney, Maxime","=""1:53.85""","=""2/7/2016"""
5173,"Rooney, Maxime","=""1:53.85""","=""1/15/2021"""
5200,"Higgins, Walker","=""1:53.87""","=""6/3/2017"""
5202,"Loy, Drew","=""1:53.87""","=""3/17/2016"""
5207,"Paulson, Colton","=""1:53.87""","=""5/18/2019"""
5208,"Paulson, Colton","=""1:53.87""","=""5/14/2021"""
5212,"Sztolcman, Christian","=""1:53.87""","=""6/21/2019"""
5215,"Abruzzo, Andrew","=""1:53.88""","=""5/28/2017"""
5221,"Lasco, Destin","=""1:53.88""","=""11/8/2019"""
5222,"Neri, Parker","=""1:53.88""","=""3/3/2017"""
5223,"Newkirk, Jeff","=""1:53.88""","=""6/8/2018"""
5235,"Fenlon, Matthew","=""1:53.89""","=""8/28/2020"""
5275,"Loy, Drew","=""1:53.92""","=""7/7/2018"""
5281,"Steele, Sam","=""1:53.92""","=""5/18/2018"""
5284,"Abruzzo, Andrew","=""1:53.93""","=""5/27/2018"""
5303,"Walker, Jack","=""1:53.93""","=""7/6/2018"""
5309,"Fenlon, Matthew","=""1:53.94""","=""11/8/2019"""
5319,"Matejka, Andrew","=""1:53.94""","=""7/13/2018"""
5320,"Neri, Parker","=""1:53.94""","=""6/22/2018"""
5321,"Newkirk, Jeff","=""1:53.94""","=""10/21/2016"""
5325,"Yeadon, Zach","=""1:53.94""","=""1/14/2017"""
5326,"Bresette, Liam","=""1:53.95""","=""4/28/2018"""
5332,"Lochte, Ryan","=""1:53.95""","=""4/8/2021"""
5339,"Thornbrue, Luke","=""1:53.95""","=""5/24/2019"""
5346,"Freeman, Trey","=""1:53.96""","=""4/14/2016"""
5351,"House, Grant","=""1:53.96""","=""7/9/2016"""
5356,"Lasco, Destin","=""1:53.96""","=""7/12/2019"""
5362,"Wozencraft, Cooper","=""1:53.96""","=""6/1/2019"""
5370,"Katz, Austin","=""1:53.97""","=""3/3/2016"""
5374,"McKeen, Sadler","=""1:53.97""","=""6/23/2017"""
5379,"Paulson, Colton","=""1:53.97""","=""7/7/2018"""
5392,"Gately, Liam","=""1:53.98""","=""6/5/2021"""
5393,"Harting, Zach","=""1:53.98""","=""5/18/2018"""
5394,"Hill, Julian","=""1:53.98""","=""1/2/2021"""
5396,"House, Grant","=""1:53.98""","=""7/20/2017"""
5407,"Wright, Jack","=""1:53.98""","=""7/12/2019"""
5408,"Auchinachie, Cameron","=""1:53.99""","=""5/24/2019"""
5411,"Harting, Zach","=""1:53.99""","=""6/9/2016"""
5430,"Yeadon, Zach","=""1:54.00""","=""6/22/2018"""
5432,"Auchinachie, Cameron","=""1:54.01""","=""7/13/2018"""
5440,"Reilman, Joey","=""1:54.01""","=""6/3/2016"""
5461,"Walker, Jack","=""1:54.02""","=""6/14/2019"""
5465,"Harting, Zach","=""1:54.03""","=""5/6/2017"""
5471,"Loy, Drew","=""1:54.03""","=""7/7/2018"""
5480,"Hils, Zach","=""1:54.04""","=""8/5/2016"""
5493,"D'Arrigo, Mitch","=""1:54.05""","=""7/12/2019"""
5500,"Knowles, Eric","=""1:54.05""","=""8/11/2016"""
5507,"Tenney, Michael","=""1:54.05""","=""5/28/2021"""
5508,"Thornbrue, Luke","=""1:54.05""","=""8/5/2016"""
5526,"Dahlgren, Jack","=""1:54.07""","=""7/8/2018"""
5529,"Hill, Julian","=""1:54.07""","=""7/12/2019"""
5561,"Cotter, Michael","=""1:54.09""","=""8/2/2019"""
5563,"Dolan, Jack","=""1:54.09""","=""8/11/2016"""
5564,"Dressel, Caeleb","=""1:54.09""","=""5/12/2017"""
5581,"Zettle, Alex","=""1:54.09""","=""1/18/2019"""
5590,"Manoff, Blake","=""1:54.10""","=""6/1/2019"""
5596,"Tenney, Michael","=""1:54.10""","=""8/11/2016"""
5600,"Bresette, Liam","=""1:54.11""","=""5/27/2016"""
5604,"Farris, Dean","=""1:54.11""","=""1/15/2021"""
5613,"McKeen, Sadler","=""1:54.11""","=""7/21/2017"""
5617,"Rooney, Maxime","=""1:54.11""","=""4/30/2017"""
5634,"Smith, Kieran","=""1:54.12""","=""4/1/2016"""
5636,"Zettle, Alex","=""1:54.12""","=""6/1/2018"""
5660,"Petrides, Michael","=""1:54.13""","=""6/30/2019"""
5661,"Rooney, Maxime","=""1:54.13""","=""5/14/2017"""
5683,"Bentz, Gunnar","=""1:54.15""","=""6/14/2018"""
5696,"Lasco, Destin","=""1:54.15""","=""4/11/2019"""
5697,"Magahey, Jake","=""1:54.15""","=""6/23/2017"""
5708,"Bybee, Cody","=""1:54.16""","=""6/3/2016"""
5727,"Smith, Clark","=""1:54.16""","=""6/22/2018"""
5732,"House, Grant","=""1:54.17""","=""6/27/2016"""
5739,"Matejka, Andrew","=""1:54.17""","=""8/11/2017"""
5741,"Neri, Parker","=""1:54.17""","=""6/21/2019"""
5765,"Wieser, Chris","=""1:54.18""","=""7/14/2016"""
5777,"Smith, Kieran","=""1:54.19""","=""5/12/2018"""
5782,"Zettle, Alex","=""1:54.19""","=""7/8/2016"""
5791,"Kibler, Drew","=""1:54.20""","=""4/30/2016"""
5796,"Reilman, Joey","=""1:54.20""","=""5/18/2018"""
5799,"Tenney, Michael","=""1:54.20""","=""7/22/2016"""
5807,"Gately, Liam","=""1:54.21""","=""6/23/2018"""
5809,"Grieshop, Sean","=""1:54.21""","=""6/9/2017"""
5820,"Wozencraft, Cooper","=""1:54.21""","=""6/14/2019"""
5831,"Matejka, Andrew","=""1:54.22""","=""1/10/2019"""
5842,"Carrozza, Coby","=""1:54.23""","=""6/22/2018"""
5845,"D'Arrigo, Mitch","=""1:54.23""","=""2/15/2020"""
5850,"Paulson, Colton","=""1:54.23""","=""8/11/2016"""
5854,"Apple, Zach","=""1:54.24""","=""6/4/2016"""
5861,"Hauss, Graham","=""1:54.24""","=""6/5/2021"""
5884,"Rose, Dare","=""1:54.25""","=""3/31/2017"""
5885,"Rose, Dare","=""1:54.25""","=""7/1/2018"""
5891,"Wieser, Chris","=""1:54.25""","=""5/29/2016"""
5892,"Abruzzo, Andrew","=""1:54.26""","=""1/14/2017"""
5946,"Fenlon, Matthew","=""1:54.28""","=""5/14/2021"""
5950,"Julian, Trenton","=""1:54.28""","=""8/11/2016"""
5954,"Neri, Parker","=""1:54.28""","=""8/5/2016"""
5977,"McKeen, Sadler","=""1:54.29""","=""6/17/2016"""
6012,"Wright, Jack","=""1:54.31""","=""8/3/2017"""
6022,"Jackson, Will","=""1:54.32""","=""8/9/2019"""
6024,"Lochte, Ryan","=""1:54.32""","=""3/9/2018"""
6036,"D'Arrigo, Mitch","=""1:54.33""","=""10/21/2016"""
6038,"Fenlon, Matthew","=""1:54.33""","=""8/3/2018"""
6043,"Levant, Jack","=""1:54.33""","=""6/9/2019"""
6045,"Malone, Reed","=""1:54.33""","=""2/9/2020"""
6046,"Paulson, Colton","=""1:54.33""","=""8/11/2016"""
6047,"Pieroni, Blake","=""1:54.33""","=""9/15/2018"""
6053,"Urlando, Luca","=""1:54.33""","=""7/14/2019"""
6056,"Bybee, Cody","=""1:54.34""","=""4/27/2019"""
6057,"Dressel, Caeleb","=""1:54.34""","=""6/4/2016"""
6058,"Fail, Brooks","=""1:54.34""","=""6/8/2018"""
6064,"Reilman, Joey","=""1:54.34""","=""5/18/2018"""
6072,"Carrozza, Coby","=""1:54.35""","=""7/13/2018"""
6076,"Jackson, Will","=""1:54.35""","=""2/9/2020"""
6088,"Davis, Wyatt","=""1:54.36""","=""6/3/2017"""
6090,"Higgins, Walker","=""1:54.36""","=""5/6/2017"""
6099,"Matejka, Andrew","=""1:54.36""","=""7/14/2017"""
6102,"Paulson, Colton","=""1:54.36""","=""8/5/2016"""
6108,"Smith, Kieran","=""1:54.36""","=""8/11/2016"""
6122,"Mahaffey, Dakota","=""1:54.37""","=""7/7/2018"""
6127,"Steele, Sam","=""1:54.37""","=""6/5/2016"""
6130,"Walker, Jack","=""1:54.37""","=""7/6/2018"""
6141,"Grieshop, Sean","=""1:54.38""","=""5/18/2018"""
6146,"McKeen, Sadler","=""1:54.38""","=""8/11/2016"""
6153,"Wozencraft, Cooper","=""1:54.38""","=""6/14/2019"""
6154,"Abruzzo, Andrew","=""1:54.39""","=""5/29/2016"""
6184,"Gately, Liam","=""1:54.40""","=""7/27/2016"""
6186,"Hauss, Graham","=""1:54.40""","=""6/17/2018"""
6195,"Rose, Dare","=""1:54.40""","=""5/25/2019"""
6200,"Bybee, Cody","=""1:54.41""","=""5/21/2017"""
6203,"Dolan, Jack","=""1:54.41""","=""6/3/2017"""
6204,"Fenlon, Matthew","=""1:54.41""","=""8/7/2019"""
6210,"Abruzzo, Andrew","=""1:54.42""","=""1/16/2016"""
6215,"Cotter, Michael","=""1:54.42""","=""10/2/2020"""
6229,"Malone, Reed","=""1:54.42""","=""6/14/2019"""
6241,"Wieser, Chris","=""1:54.42""","=""3/6/2020"""
6250,"Higgins, Walker","=""1:54.43""","=""11/12/2015"""
6260,"Yeadon, Zach","=""1:54.43""","=""6/22/2018"""
6289,"Paulson, Colton","=""1:54.45""","=""7/7/2018"""
6291,"Sannem, Jake","=""1:54.45""","=""5/13/2016"""
6308,"Forst, Preston","=""1:54.46""","=""8/4/2017"""
6320,"Bresette, Liam","=""1:54.47""","=""5/27/2016"""
6321,"Brown, Zach","=""1:54.47""","=""5/17/2019"""
6333,"Levant, Jack","=""1:54.47""","=""6/4/2016"""
6344,"Brown, Zach","=""1:54.48""","=""8/5/2017"""
6372,"Mahaffey, Dakota","=""1:54.49""","=""5/12/2017"""
6375,"Rose, Dare","=""1:54.49""","=""2/16/2020"""
6376,"Smith, Kieran","=""1:54.49""","=""6/30/2016"""
6386,"D'Arrigo, Mitch","=""1:54.50""","=""6/4/2017"""
6392,"Macmillan, Will","=""1:54.50""","=""4/8/2021"""
6406,"Lochte, Ryan","=""1:54.51""","=""2/15/2020"""
6410,"Walker, Jack","=""1:54.51""","=""6/28/2017"""
6414,"Davis, Wyatt","=""1:54.52""","=""6/28/2017"""
6429,"Thornbrue, Luke","=""1:54.52""","=""3/18/2016"""
6434,"Bentz, Gunnar","=""1:54.53""","=""1/15/2021"""
6438,"Hauss, Graham","=""1:54.53""","=""8/11/2016"""
6462,"Harting, Zach","=""1:54.54""","=""6/3/2017"""
6468,"Malone, Reed","=""1:54.54""","=""12/6/2019"""
6482,"Hauss, Graham","=""1:54.55""","=""12/6/2019"""
6483,"Hill, Julian","=""1:54.55""","=""5/24/2019"""
6520,"Abruzzo, Andrew","=""1:54.57""","=""1/16/2016"""
6524,"Grieshop, Sean","=""1:54.57""","=""6/4/2016"""
6525,"Hauss, Graham","=""1:54.57""","=""5/24/2019"""
6531,"McKeen, Sadler","=""1:54.57""","=""6/14/2019"""
6538,"Steele, Sam","=""1:54.57""","=""4/10/2016"""
6541,"Zettle, Alex","=""1:54.57""","=""7/26/2018"""
6561,"Callan, Patrick","=""1:54.59""","=""3/4/2016"""
6565,"Dolan, Jack","=""1:54.59""","=""7/12/2018"""
6570,"Jett, Gabriel","=""1:54.59""","=""11/2/2019"""
6580,"Cotter, Michael","=""1:54.60""","=""8/2/2019"""
6585,"Hill, Julian","=""1:54.60""","=""6/8/2018"""
6654,"Callan, Patrick","=""1:54.63""","=""7/21/2016"""
6665,"Waters, Ryan","=""1:54.63""","=""7/29/2016"""
6682,"Magahey, Jake","=""1:54.64""","=""6/22/2018"""
6691,"Brown, Zach","=""1:54.65""","=""1/13/2018"""
6693,"D'Arrigo, Mitch","=""1:54.65""","=""7/7/2018"""
6707,"Smith, Kieran","=""1:54.65""","=""7/15/2016"""
6724,"Hobson, Luke","=""1:54.66""","=""8/2/2019"""
6730,"Malone, Reed","=""1:54.66""","=""1/18/2020"""
6732,"Schilling, Sam","=""1:54.66""","=""5/14/2016"""
6735,"Sztolcman, Christian","=""1:54.66""","=""8/5/2017"""
6737,"Tenney, Michael","=""1:54.66""","=""8/11/2016"""
6752,"Thornbrue, Luke","=""1:54.67""","=""6/1/2018"""
6774,"Farris, Dean","=""1:54.69""","=""6/21/2019"""
6778,"Hils, Zach","=""1:54.69""","=""7/15/2016"""
6779,"Knowles, Eric","=""1:54.69""","=""1/11/2018"""
6781,"McKeen, Sadler","=""1:54.69""","=""8/11/2016"""
6786,"Thornbrue, Luke","=""1:54.69""","=""5/24/2019"""
6792,"Fenlon, Matthew","=""1:54.70""","=""4/10/2021"""
6793,"Gately, Liam","=""1:54.70""","=""2/26/2016"""
6816,"Hill, Julian","=""1:54.71""","=""7/7/2017"""
6818,"Katz, Austin","=""1:54.71""","=""8/11/2016"""
6830,"Steele, Sam","=""1:54.71""","=""5/6/2017"""
6853,"Apple, Zach","=""1:54.73""","=""5/18/2018"""
6857,"D'Arrigo, Mitch","=""1:54.73""","=""1/2/2016"""
6860,"Grieshop, Sean","=""1:54.73""","=""11/7/2015"""
6865,"Rooney, Maxime","=""1:54.73""","=""7/17/2016"""
6869,"Wieser, Chris","=""1:54.73""","=""1/17/2020"""
6880,"Hauss, Graham","=""1:54.74""","=""7/15/2018"""
6889,"Macmillan, Will","=""1:54.74""","=""6/3/2017"""
6904,"Bybee, Cody","=""1:54.75""","=""3/17/2016"""
6907,"Davis, Wyatt","=""1:54.75""","=""8/11/2017"""
6919,"Shoults, Grant","=""1:54.75""","=""4/30/2016"""
6921,"Tenney, Michael","=""1:54.75""","=""7/21/2017"""
6923,"Wright, Jack","=""1:54.75""","=""3/23/2018"""
6930,"Dolan, Jack","=""1:54.76""","=""4/14/2017"""
6944,"Paulson, Colton","=""1:54.76""","=""6/19/2016"""
6946,"Sztolcman, Christian","=""1:54.76""","=""8/5/2017"""
6947,"Zettle, Alex","=""1:54.76""","=""2/26/2016"""
